cdn_url,collect_count,comment_count,create_time,description,digg_count,discovery_input,hashtags,music,offical_item,original_item,original_sound,play_count,post_id,post_type,preview_image,profile_avatar,profile_biography,profile_id,profile_url,profile_username,ratio,secu_id,share_count,shortcode,url,video_duration,video_url,width
https://v16-webapp-prime.tiktok.com/video/tos/maliva/tos-maliva-ve-0068c799-us/o0xoQeLufgkLunuVHgGAIWK1jTNAkCKIHyI3e9/?a=1988&bti=ODszNWYuMDE6&ch=0&cr=3&dr=0&lr=unwatermarked&cd=0%7C0%7C0%7C&cv=1&br=1710&bt=855&cs=0&ds=6&ft=4fUEKMlh8Zmo0eQ3k-4jV4ufDpWrKsd.&mime_type=video_mp4&qs=0&rc=ZztmPGg2PGhoMzpkNTw3Z0BpajxxaHc5cmtzdDMzZzczNEBeL2FiLTAwXzQxYDQtLjEuYSNzaC5eMmRjMl5gLS1kMS9zcw%3D%3D&btag=e00088000&expire=1722471608&l=202407311819299364797060EF8A1B4300&ply_type=2&policy=2&signature=3201819d2523f3b89bc0bff1603d4c96&tk=tt_chain_token,26,0,2024-07-15T21:22:24.000Z,This will help strengthen your relationship so much #relationships #significantother ,163,,"['relationships', 'significantother']","{'authorname': 'Sahil Bloom', 'covermedium': 'https://p16-sign-va.tiktokcdn.com/tos-maliva-avt-0068/7340012790796517418~c5_720x720.jpeg?lk3s=a5d48078&nonce=14280&refresh_token=b34b52848baa7498a057d172c281e269&x-expires=1722621600&x-signature=Q3k6lpUejHqQsc%2BSSHf%2BJh9Y0I8%3D&shp=a5d48078&shcp=81f88b70', 'id': '7391976039792118574', 'original': False, 'playurl': 'https://v16-webapp-prime.tiktok.com/video/tos/maliva/tos-maliva-ve-27dcd7c799-us/oUDyGEhSMYklSFgU0SWfedkxjdn4BJgxVmQZCD/?a=1988&bti=ODszNWYuMDE6&ch=0&cr=0&dr=0&er=0&lr=default&cd=0%7C0%7C0%7C0&br=250&bt=125&ft=GNDpcInz7ThAZLtrXq8Zmo&mime_type=audio_mpeg&qs=6&rc=ODllPDkzOTw1OTlkZWZoZEBpM3R0aGo5cjdzdDMzZzU8NEBgMy82MDBgNjMxYF4xM2MwYSNicTZwMmRrM15gLS1kMS9zcw%3D%3D&btag=e00088000&expire=1722471608&l=202407311819299364797060EF8A1B4300&ply_type=3&policy=3&signature=7f3ea8091d024e222dc7baf1c9e78dbb&tk=0', 'title': 'original sound'}",False,False,Sahil Bloom: original sound,2875,7391976024155622698,video,https://p19-sign.tiktokcdn-us.com/tos-useast5-p-0068-tx/5c7749301f674c11b887d36aa62c3362_1721078546~tplv-dmt-logom:tos-useast5-i-0068-tx/o8ZWSFDORED8dIAPIVEENMCAkA4gwhAzlmf5fC.image?lk3s=81f88b70&nonce=80258&refresh_token=e3f035f36479d6912ced8dda5d2771f8&x-expires=1722621600&x-signature=ziLIoMdRpo%2B8pSHkXQSOvorgav8%3D&shp=81f88b70&shcp=280c9438,https://p16-sign-va.tiktokcdn.com/tos-maliva-avt-0068/7340012790796517418~c5_1080x1080.jpeg?lk3s=a5d48078&nonce=1886&refresh_token=25983e1c4b621cc0b4cc89b13d05296a&x-expires=1722621600&x-signature=TRGMHv3k8i4XZTlpMORPoV5kAHc%3D&shp=a5d48078&shcp=81f88b70,Preorder my first book- The 5 Types of Wealth today ðŸ‘‡,6909881477669766150,https://www.tiktok.com/@sahilbloom,Sahil Bloom,540p,MS4wLjABAAAAKhgoB-5k59tVAI7rrFtYHnQzaO-UYCsQqVROq9Q40M90eCwYaBw2EDS2u1amuryP,22,7391976024155622698,https://www.tiktok.com/@sahilbloom/video/7391976024155622698,38,https://v16-webapp-prime.tiktok.com/video/tos/maliva/tos-maliva-ve-0068c799-us/oMLlDf6FEEDSEykTpQmgFBwVIoRZAU0fODXEbD/?a=1988&bti=ODszNWYuMDE6&ch=0&cr=3&dr=0&lr=tiktok_m&cd=0%7C0%7C1%7C&cv=1&br=1852&bt=926&cs=0&ds=3&ft=4fUEKMlh8Zmo0eQ3k-4jV4ufDpWrKsd.&mime_type=video_mp4&qs=0&rc=NjQ3MzY3PDxoOjZoaTxpM0BpajxxaHc5cmtzdDMzZzczNEA2YzE1MWM2Xy0xMGAyNjUwYSNzaC5eMmRjMl5gLS1kMS9zcw%3D%3D&btag=e00088000&expire=1722471608&l=202407311819299364797060EF8A1B4300&ply_type=2&policy=2&signature=e71fd484eb04024c53a07a8dc77d96ef&tk=tt_chain_token,576
https://v16-webapp-prime.tiktok.com/video/tos/maliva/tos-maliva-ve-0068c799-us/o4ikDficEEKSEPCGWQmgFBZQIsRAANGVGDwEfa/?a=1988&bti=ODszNWYuMDE6&ch=0&cr=3&dr=0&lr=unwatermarked&cd=0%7C0%7C0%7C&cv=1&br=1816&bt=908&cs=0&ds=6&ft=4fUEKMVw8Zmo0CE3k-4jVHakPpWrKsd.&mime_type=video_mp4&qs=0&rc=MzNpOTc8aGk8OTZnOjY3M0Bpajl2bWs5cjozdDMzZzczNEBhMmNeMS9eXmMxLjJeXjQyYSNeYDQyMmQ0ZTVgLS1kMS9zcw%3D%3D&btag=e00088000&expire=1722471652&l=20240731182013DC6198EA27D3F30B2D5E&ply_type=2&policy=2&signature=803942395977fe97ef7e6fb7873ba953&tk=tt_chain_token,20,4,2024-07-11T16:31:39.000Z,The second one gets most people #mistakes #learnings ,136,,"['mistakes', 'learnings']","{'authorname': 'Sahil Bloom', 'covermedium': 'https://p16-sign-va.tiktokcdn.com/tos-maliva-avt-0068/7340012790796517418~c5_720x720.jpeg?lk3s=a5d48078&nonce=29553&refresh_token=6385a1ea9d76521bd413609b16152703&x-expires=1722621600&x-signature=Q3k6lpUejHqQsc%2BSSHf%2BJh9Y0I8%3D&shp=a5d48078&shcp=81f88b70', 'id': '7390416778931587882', 'original': False, 'playurl': 'https://v16-webapp-prime.tiktok.com/video/tos/maliva/tos-maliva-ve-27dcd7c799-us/oEPQW45d5UvC7pJiAZPRCj4CBJMZgiRIRlEAI/?a=1988&bti=ODszNWYuMDE6&ch=0&cr=0&dr=0&er=0&lr=default&cd=0%7C0%7C0%7C0&br=250&bt=125&ft=GNDpcInz7ThVcLtrXq8Zmo&mime_type=audio_mpeg&qs=6&rc=ODg2N2U0aDs6Zmc8aDg1aUBpajY4OXM5cnUzdDMzZzU8NEBhYDFiYy8vNTYxNC02M2AwYSM1b14uMmRrZTVgLS1kMS9zcw%3D%3D&btag=e00088000&expire=1722453651&l=20240731182013DC6198EA27D3F30B2D5E&ply_type=3&policy=3&signature=1ccf338167615067c31de9444406c9af&tk=0', 'title': 'original sound'}",False,False,Sahil Bloom: original sound,4148,7390416763474808107,video,https://p16-sign.tiktokcdn-us.com/tos-useast5-p-0068-tx/osE8QmGEFBAdwgRZifIAyFEDiCD6GkBrWfVcOS~tplv-dmt-logom:tos-useast5-i-0068-tx/oMhOQAAYASAorEImCkFfDCgqeCnAjJEvRAD9Eq.image?lk3s=81f88b70&nonce=63923&refresh_token=98e3f86347e64cf821bf564cc6c22469&x-expires=1722621600&x-signature=LbflV8jixl6F%2Fb6VZe1LduQK0W0%3D&shp=81f88b70&shcp=280c9438,https://p16-sign-va.tiktokcdn.com/tos-maliva-avt-0068/7340012790796517418~c5_1080x1080.jpeg?lk3s=a5d48078&nonce=21431&refresh_token=cccb5880da7fca879094dcaeef5b1c88&x-expires=1722621600&x-signature=TRGMHv3k8i4XZTlpMORPoV5kAHc%3D&shp=a5d48078&shcp=81f88b70,Preorder my first book- The 5 Types of Wealth today ðŸ‘‡,6909881477669766150,https://www.tiktok.com/@sahilbloom,Sahil Bloom,540p,MS4wLjABAAAAKhgoB-5k59tVAI7rrFtYHnQzaO-UYCsQqVROq9Q40M90eCwYaBw2EDS2u1amuryP,18,7390416763474808107,https://www.tiktok.com/@sahilbloom/video/7390416763474808107,37,https://v16-webapp-prime.tiktok.com/video/tos/maliva/tos-maliva-ve-0068c799-us/o07GEDQERSZfGiyVCgQAFE3kIAWmfiDiMcQDFB/?a=1988&bti=ODszNWYuMDE6&ch=0&cr=3&dr=0&lr=tiktok_m&cd=0%7C0%7C1%7C&cv=1&br=1672&bt=836&cs=0&ds=3&ft=4fUEKMVw8Zmo0CE3k-4jVHakPpWrKsd.&mime_type=video_mp4&qs=0&rc=M2g2OTU4aWVlZWRpOmZoNUBpajl2bWs5cjozdDMzZzczNEBfLzI2XjQtNWExYDE0Yi5hYSNeYDQyMmQ0ZTVgLS1kMS9zcw%3D%3D&btag=e00088000&expire=1722471652&l=20240731182013DC6198EA27D3F30B2D5E&ply_type=2&policy=2&signature=2cbbae50ca999665c5e8fc4931bf8370&tk=tt_chain_token,576
https://v16-webapp-prime.tiktok.com/video/tos/maliva/tos-maliva-ve-0068c799-us/ockKbgSDmBsg4mjFEET7FAQBEDnjfohg5RIweY/?a=1988&bti=ODszNWYuMDE6&ch=0&cr=3&dr=0&lr=unwatermarked&cd=0%7C0%7C0%7C&cv=1&br=596&bt=298&cs=0&ds=6&ft=4fUEKMec8Zmo0RQ3k-4jV4trrpWrKsd.&mime_type=video_mp4&qs=5&rc=OzU3Zjc2OjZnNzw5PGdmZEBpM3ZpaWo5cjl1dDMzZzczNEBjYDUxXjJiNV4xMGFeMDIwYSM2MDMtMmQ0MmVgLS1kMS9zcw%3D%3D&btag=e00088000&expire=1722471606&l=2024073118190507FCD469519D4B1734F0&ply_type=2&policy=2&signature=de8eff56b131bdf2c36995e76773ef5b&tk=tt_chain_token,6,0,2024-07-26T14:30:19.000Z,What a precious story #stone #knowyourworth ,81,,"['stone', 'knowyourworth']","{'authorname': 'Sahil Bloom', 'covermedium': 'https://p16-sign-va.tiktokcdn.com/tos-maliva-avt-0068/7340012790796517418~c5_720x720.jpeg?lk3s=a5d48078&nonce=11813&refresh_token=2e7a87988e01a89ec9c133c4a0c21565&x-expires=1722621600&x-signature=Q3k6lpUejHqQsc%2BSSHf%2BJh9Y0I8%3D&shp=a5d48078&shcp=81f88b70', 'id': '7395951765088406318', 'original': False, 'playurl': 'https://v16-webapp-prime.tiktok.com/video/tos/maliva/tos-maliva-ve-27dcd7c799-us/oY2Cpz9eFHfNLHEbgXgcTZOGAIVokW5X3MRywf/?a=1988&bti=ODszNWYuMDE6&ch=0&cr=0&dr=0&er=0&lr=default&cd=0%7C0%7C0%7C0&br=250&bt=125&ft=GNDpcInz7ThxZLtrXq8Zmo&mime_type=audio_mpeg&qs=6&rc=aTtkM2g8OWQ1ZGhmNjhkPEBpam1md3A5cnl1dDMzZzU8NEBfLjNiLV9eXl4xX2BfYC4zYSNnbWJyMmRrMmVgLS1kMS9zcw%3D%3D&btag=e00088000&expire=1722453605&l=2024073118190507FCD469519D4B1734F0&ply_type=3&policy=3&signature=61b972799e83c86cf6cf5cdede31640b&tk=0', 'title': 'original sound'}",False,False,Sahil Bloom: original sound,1318,7395951761904749866,video,https://p16-sign.tiktokcdn-us.com/tos-useast5-p-0068-tx/oMWBOEP8OyUp8I4qOAEOijSxzBvAZmisgBawi~tplv-dmt-logom:tos-useast5-i-0068-tx/o4NKQOxIAMQRuAAA8yfE8XfeXHk71g7Fj2RhDA.image?lk3s=81f88b70&nonce=46428&refresh_token=3fc487fabe9b2514d441e675845463f3&x-expires=1722621600&x-signature=krLMlsgpsktjT9bFZVrWYy6zznM%3D&shp=81f88b70&shcp=280c9438,https://p16-sign-va.tiktokcdn.com/tos-maliva-avt-0068/7340012790796517418~c5_1080x1080.jpeg?lk3s=a5d48078&nonce=30674&refresh_token=72b7e34aa5ea8dbcebc491533a25e2c0&x-expires=1722621600&x-signature=TRGMHv3k8i4XZTlpMORPoV5kAHc%3D&shp=a5d48078&shcp=81f88b70,Preorder my first book- The 5 Types of Wealth today ðŸ‘‡,6909881477669766150,https://www.tiktok.com/@sahilbloom,Sahil Bloom,540p,MS4wLjABAAAAKhgoB-5k59tVAI7rrFtYHnQzaO-UYCsQqVROq9Q40M90eCwYaBw2EDS2u1amuryP,,7395951761904749866,https://www.tiktok.com/@sahilbloom/video/7395951761904749866,59,https://v16-webapp-prime.tiktok.com/video/tos/maliva/tos-maliva-ve-0068c799-us/ocjFSmAxigyiO8wqB4j6Z8siIQUBx9AzPUElE/?a=1988&bti=ODszNWYuMDE6&ch=0&cr=3&dr=0&lr=tiktok_m&cd=0%7C0%7C1%7C&cv=1&br=1548&bt=774&cs=0&ds=3&ft=4fUEKMec8Zmo0RQ3k-4jV4trrpWrKsd.&mime_type=video_mp4&qs=0&rc=O2U1aDQzZ2U6MzU7NWllN0BpM3ZpaWo5cjl1dDMzZzczNEA1Yy9fMDMxNTIxLzQwMjU0YSM2MDMtMmQ0MmVgLS1kMS9zcw%3D%3D&btag=e00088000&expire=1722471606&l=2024073118190507FCD469519D4B1734F0&ply_type=2&policy=2&signature=54587c57479698a9c293eddd54dcc0a2&tk=tt_chain_token,576
https://v16-webapp-prime.tiktok.com/video/tos/maliva/tos-maliva-ve-0068c799-us/oImNSTfS9B5Q7AFRgDiIZFHgPnExgNfEu9wDEY/?a=1988&bti=ODszNWYuMDE6&ch=0&cr=3&dr=0&lr=unwatermarked&cd=0%7C0%7C0%7C&cv=1&br=2842&bt=1421&cs=0&ds=6&ft=4fUEKMk88Zmo0CQ3k-4jVSwbrpWrKsd.&mime_type=video_mp4&qs=0&rc=NTZpZjhpODU7NTZpOTZkZEBpM3Y2bWo5cnl1dDMzZzczNEAtNTReXjAzNWAxXi0yMjReYSNqLzQxMmRjcmNgLS1kMS9zcw%3D%3D&btag=e00088000&expire=1722471594&l=20240731181908B0EDD3B030698E171F83&ply_type=2&policy=2&signature=b1c2a654bad94d8c716c75492ffd4fca&tk=tt_chain_token,23,1,2024-07-23T14:37:52.000Z,Share this with a friend! #30for30 #system #approach ,86,,"['30for30', 'system', 'approach']","{'authorname': 'Sahil Bloom', 'covermedium': 'https://p16-sign-va.tiktokcdn.com/tos-maliva-avt-0068/7340012790796517418~c5_720x720.jpeg?lk3s=a5d48078&nonce=38309&refresh_token=2f4ded37f075c7513bbc11898cab0e7f&x-expires=1722621600&x-signature=Q3k6lpUejHqQsc%2BSSHf%2BJh9Y0I8%3D&shp=a5d48078&shcp=81f88b70', 'id': '7394840468128926510', 'original': False, 'playurl': 'https://v16-webapp-prime.tiktok.com/video/tos/maliva/tos-maliva-ve-27dcd7c799-us/o0eTQoCLObHE0X0f1KCZYDEwAVLEHNE4PeGkbI/?a=1988&bti=ODszNWYuMDE6&ch=0&cr=0&dr=0&er=0&lr=default&cd=0%7C0%7C0%7C0&br=250&bt=125&ft=GNDpcInz7ThVZLtrXq8Zmo&mime_type=audio_mpeg&qs=6&rc=ZmY6aDk8OmhoOTNnO2ZpOUBpanQ3aXA5cmp2dDMzZzU8NEA2NTFfYjM1X18xY2EtL2NjYSNncjVtMmRzLWNgLS1kMS9zcw%3D%3D&btag=e00088000&expire=1722453593&l=20240731181908B0EDD3B030698E171F83&ply_type=3&policy=3&signature=9db065777e5ea429ed7d01298bf56c6b&tk=0', 'title': 'original sound'}",False,False,Sahil Bloom: original sound,1095,7394840459794730282,video,https://p16-sign.tiktokcdn-us.com/tos-useast5-p-0068-tx/4b079f8102b7431b8177c3b7995d5697_1721745474~tplv-dmt-logom:tos-useast5-i-0068-tx/oYf5f6eAHAEEA7AS1tDikNQDPIABqwjc4FyIEa.image?lk3s=81f88b70&nonce=4690&refresh_token=47c66e3cef3b6bab27f24d8f0af76bcb&x-expires=1722621600&x-signature=Ah%2BdXXykJGdBpAmqLwbHJb46yOs%3D&shp=81f88b70&shcp=280c9438,https://p16-sign-va.tiktokcdn.com/tos-maliva-avt-0068/7340012790796517418~c5_1080x1080.jpeg?lk3s=a5d48078&nonce=44321&refresh_token=96ffad2d9815d14d451c83949e11b831&x-expires=1722621600&x-signature=TRGMHv3k8i4XZTlpMORPoV5kAHc%3D&shp=a5d48078&shcp=81f88b70,Preorder my first book- The 5 Types of Wealth today ðŸ‘‡,6909881477669766150,https://www.tiktok.com/@sahilbloom,Sahil Bloom,540p,MS4wLjABAAAAKhgoB-5k59tVAI7rrFtYHnQzaO-UYCsQqVROq9Q40M90eCwYaBw2EDS2u1amuryP,3,7394840459794730282,https://www.tiktok.com/@sahilbloom/video/7394840459794730282,43,https://v16-webapp-prime.tiktok.com/video/tos/maliva/tos-maliva-ve-0068c799-us/oYOIgEggR9xQmAwffgYnU7EvZ5kDEBF9SSzDUi/?a=1988&bti=ODszNWYuMDE6&ch=0&cr=3&dr=0&lr=tiktok_m&cd=0%7C0%7C1%7C&cv=1&br=2710&bt=1355&cs=0&ds=3&ft=4fUEKMk88Zmo0CQ3k-4jVSwbrpWrKsd.&mime_type=video_mp4&qs=0&rc=Mzk8O2dlNDk0ZGc3Ojc4NEBpM3Y2bWo5cnl1dDMzZzczNEA1LV40MDMwNjAxNWEtXzUxYSNqLzQxMmRjcmNgLS1kMS9zcw%3D%3D&btag=e00088000&expire=1722471594&l=20240731181908B0EDD3B030698E171F83&ply_type=2&policy=2&signature=f09fe274b6073856d75d57bab30189a6&tk=tt_chain_token,576
https://v16-webapp-prime.tiktok.com/video/tos/maliva/tos-maliva-ve-0068c799-us/osFD5kmIRxWD0BYOg8ScTfErFEARegk6wiVpHQ/?a=1988&bti=ODszNWYuMDE6&ch=0&cr=3&dr=0&lr=unwatermarked&cd=0%7C0%7C0%7C&cv=1&br=1444&bt=722&cs=0&ds=6&ft=4fUEKMZ-8Zmo05Q3k-4jVlHOZpWrKsd.&mime_type=video_mp4&qs=0&rc=OmY4aTRnMzw0OWg4ZzhoZEBpamVqaHc5cmltdDMzZzczNEAvNjAxMzRhXjQxLi8uLmAxYSM1aTJeMmQ0ZjVgLS1kMS9zcw%3D%3D&btag=e00088000&expire=1722471621&l=20240731181934D75E9FFB5C072719EBED&ply_type=2&policy=2&signature=0b51488934f483fecb16db745a2f32cc&tk=tt_chain_token,10,2,2024-07-12T14:12:16.000Z,Take more time to enjoy it along the way #journey #destination ,61,,"['journey', 'destination']","{'authorname': 'Sahil Bloom', 'covermedium': 'https://p16-sign-va.tiktokcdn.com/tos-maliva-avt-0068/7340012790796517418~c5_720x720.jpeg?lk3s=a5d48078&nonce=52377&refresh_token=a9094bca949f0e1ef764c0e944fab4f9&x-expires=1722621600&x-signature=Q3k6lpUejHqQsc%2BSSHf%2BJh9Y0I8%3D&shp=a5d48078&shcp=81f88b70', 'id': '7390751932735834923', 'original': False, 'playurl': 'https://v16-webapp-prime.tiktok.com/video/tos/maliva/tos-maliva-ve-27dcd7c799-us/oQvcFIlVw4K8CwEB24gMOiUnMXRRRZ7CP5pAi/?a=1988&bti=ODszNWYuMDE6&ch=0&cr=0&dr=0&er=0&lr=default&cd=0%7C0%7C0%7C0&br=250&bt=125&ft=GNDpcInz7ThwZLtrXq8Zmo&mime_type=audio_mpeg&qs=6&rc=ZDg3ODM3Nzw5NDQ4ZGVmZEBpamtreHI5cmptdDMzZzU8NEBgNmMxMTQuNTUxMF4uLzEyYSM0L21nMmRrZzVgLS1kMS9zcw%3D%3D&btag=e00088000&expire=1722471620&l=20240731181934D75E9FFB5C072719EBED&ply_type=3&policy=3&signature=4c6a40408f92700fb4caa7dd707442df&tk=0', 'title': 'original sound'}",False,False,Sahil Bloom: original sound,907,7390751926570323243,video,https://p19-sign.tiktokcdn-us.com/tos-useast5-p-0068-tx/d345ec715dbc44aa8e548103689582cb_1720793537~tplv-dmt-logom:tos-useast5-i-0068-tx/oENyuAfOkIQAKcjEIfADIaFEdeAJANi3DhHnEV.image?lk3s=81f88b70&nonce=13758&refresh_token=0b066ee735bddc1587e6234a3a96c3f1&x-expires=1722621600&x-signature=%2FeCToy0Jkc37A4WX%2FxlxnQCaOpM%3D&shp=81f88b70&shcp=280c9438,https://p16-sign-va.tiktokcdn.com/tos-maliva-avt-0068/7340012790796517418~c5_1080x1080.jpeg?lk3s=a5d48078&nonce=91598&refresh_token=0d3dbc2bf5b36c94bdcdd27f95d265ed&x-expires=1722621600&x-signature=TRGMHv3k8i4XZTlpMORPoV5kAHc%3D&shp=a5d48078&shcp=81f88b70,Preorder my first book- The 5 Types of Wealth today ðŸ‘‡,6909881477669766150,https://www.tiktok.com/@sahilbloom,Sahil Bloom,540p,MS4wLjABAAAAKhgoB-5k59tVAI7rrFtYHnQzaO-UYCsQqVROq9Q40M90eCwYaBw2EDS2u1amuryP,4,7390751926570323243,https://www.tiktok.com/@sahilbloom/video/7390751926570323243,44,https://v16-webapp-prime.tiktok.com/video/tos/maliva/tos-maliva-ve-0068c799-us/oUAzDEdmSE8gIRbIkiRfBFOkeD8vpTQ6WGVYxg/?a=1988&bti=ODszNWYuMDE6&ch=0&cr=3&dr=0&lr=tiktok_m&cd=0%7C0%7C1%7C&cv=1&br=1608&bt=804&cs=0&ds=3&ft=4fUEKMZ-8Zmo05Q3k-4jVlHOZpWrKsd.&mime_type=video_mp4&qs=0&rc=ZWk6ZjVlZWg2M2ZlZGY4M0BpamVqaHc5cmltdDMzZzczNEA2LTY0X19gXjIxLi8xXmM1YSM1aTJeMmQ0ZjVgLS1kMS9zcw%3D%3D&btag=e00088000&expire=1722471621&l=20240731181934D75E9FFB5C072719EBED&ply_type=2&policy=2&signature=90396018feb13df0b881333c3f5f440d&tk=tt_chain_token,576
https://v16-webapp-prime.tiktok.com/video/tos/maliva/tos-maliva-ve-0068c799-us/oYBcFi2QzEmUeiuC2puvCQxmbCCEAIwShzIMAB/?a=1988&bti=ODszNWYuMDE6&ch=0&cr=3&dr=0&lr=unwatermarked&cd=0%7C0%7C0%7C&cv=1&br=1146&bt=573&cs=0&ds=6&ft=4fUEKMvx8Zmo0YE3k-4jVo0L-pWrKsd.&mime_type=video_mp4&qs=0&rc=ZWhmZWQ2aGQ0OTQ4aTs3aUBpM3AzOnA5cnhzdDMzZzczNEAtYC9gLS5hNjUxMzNjX2M1YSMvMi82MmRrZ2RgLS1kMS9zcw%3D%3D&btag=e00088000&expire=1722471639&l=20240731182009D40174A8C432BA1B3994&ply_type=2&policy=2&signature=01fbfceeaba4d5cfebc8bf84813ae94b&tk=tt_chain_token,10,1,2024-07-25T00:20:51.000Z,Have you heard this #proverb before? ,54,,['proverb'],"{'authorname': 'Sahil Bloom', 'covermedium': 'https://p16-sign-va.tiktokcdn.com/tos-maliva-avt-0068/7340012790796517418~c5_720x720.jpeg?lk3s=a5d48078&nonce=40725&refresh_token=23967ae09f242eefc89de64c5950fadd&x-expires=1722621600&x-signature=Q3k6lpUejHqQsc%2BSSHf%2BJh9Y0I8%3D&shp=a5d48078&shcp=81f88b70', 'id': '7395361760515050282', 'original': False, 'playurl': 'https://v16-webapp-prime.tiktok.com/video/tos/maliva/tos-maliva-ve-27dcd7c799-us/o4NQlOJNwnzQCHbogLeDoHEncTLMekeMDASGTI/?a=1988&bti=ODszNWYuMDE6&ch=0&cr=0&dr=0&er=0&lr=default&cd=0%7C0%7C0%7C0&br=250&bt=125&ft=GNDpcInz7ThxcLtrXq8Zmo&mime_type=audio_mpeg&qs=6&rc=ODo2ZjtoO2Q1ZDM0NzxkaEBpM2xsZm05cnNzdDMzZzU8NEAvX2JhXmIzNTQxMDY2Yy5fYSNeMGxnMmRjaGRgLS1kMS9zcw%3D%3D&btag=e00088000&expire=1722471639&l=20240731182009D40174A8C432BA1B3994&ply_type=3&policy=3&signature=8e3b9c7561529182e5d1cef5777b6b4d&tk=0', 'title': 'original sound'}",False,False,Sahil Bloom: original sound,1493,7395361779297160491,video,https://p16-sign.tiktokcdn-us.com/tos-useast5-p-0068-tx/2f044d6dbd254ab58f74a8ad2110d8ed_1721866852~tplv-dmt-logom:tos-useast5-i-0068-tx/oAOhayAIIFGAQkILzmElCNmTkAJHjIAAENmfee.image?lk3s=81f88b70&nonce=41744&refresh_token=29256df5f442488161ef0a64ddd341c2&x-expires=1722621600&x-signature=3ZrJlVa3geRdcusvgYnsfrNs9U4%3D&shp=81f88b70&shcp=280c9438,https://p16-sign-va.tiktokcdn.com/tos-maliva-avt-0068/7340012790796517418~c5_1080x1080.jpeg?lk3s=a5d48078&nonce=5953&refresh_token=7afd158ad3909f093ef80de51410c2a7&x-expires=1722621600&x-signature=TRGMHv3k8i4XZTlpMORPoV5kAHc%3D&shp=a5d48078&shcp=81f88b70,Preorder my first book- The 5 Types of Wealth today ðŸ‘‡,6909881477669766150,https://www.tiktok.com/@sahilbloom,Sahil Bloom,540p,MS4wLjABAAAAKhgoB-5k59tVAI7rrFtYHnQzaO-UYCsQqVROq9Q40M90eCwYaBw2EDS2u1amuryP,4,7395361779297160491,https://www.tiktok.com/@sahilbloom/video/7395361779297160491,29,https://v16-webapp-prime.tiktok.com/video/tos/maliva/tos-maliva-ve-0068c799-us/oUmhIzCSUyciCmXuBAEJ22zveQpwoiIBQCpAEM/?a=1988&bti=ODszNWYuMDE6&ch=0&cr=3&dr=0&lr=tiktok_m&cd=0%7C0%7C1%7C&cv=1&br=1186&bt=593&cs=0&ds=3&ft=4fUEKMvx8Zmo0YE3k-4jVo0L-pWrKsd.&mime_type=video_mp4&qs=0&rc=aDczaDdmNWczOWk2MzQ7OEBpM3AzOnA5cnhzdDMzZzczNEBiYTFgYC00XjYxMDEtMjEuYSMvMi82MmRrZ2RgLS1kMS9zcw%3D%3D&btag=e00088000&expire=1722471639&l=20240731182009D40174A8C432BA1B3994&ply_type=2&policy=2&signature=6d2bef877c2106d7bf94e4c5f340a311&tk=tt_chain_token,576
https://v16-webapp-prime.tiktok.com/video/tos/maliva/tos-maliva-ve-0068c799-us/o0D9arepDIMlu96TA5FgS2R1TBfAmHDQEsgoEn/?a=1988&bti=ODszNWYuMDE6&ch=0&cr=3&dr=0&lr=unwatermarked&cd=0%7C0%7C0%7C&cv=1&br=1776&bt=888&cs=0&ds=6&ft=4fUEKMXh8Zmo0TQ3k-4jVYkADpWrKsd.&mime_type=video_mp4&qs=0&rc=NzQ5ZWVkZ2g2NzVkOjZoOEBpajx1Z3c5cndldDMzZzczNEAwYWBiYV8uNS0xMzUvYTVjYSNvbTBeMmRjNmNgLS1kMS9zcw%3D%3D&btag=e00088000&expire=1722471587&l=2024073118191447886C6078251919D741&ply_type=2&policy=2&signature=7c926b5c002a285505c67338608129f4&tk=tt_chain_token,7,2,2024-07-22T19:38:05.000Z,Science shows this now #phones #distraction ,70,,"['phones', 'distraction']","{'authorname': 'Sahil Bloom', 'covermedium': 'https://p16-sign-va.tiktokcdn.com/tos-maliva-avt-0068/7340012790796517418~c5_720x720.jpeg?lk3s=a5d48078&nonce=30071&refresh_token=dff4d8ae05aa6a383a7f4368309c9a5c&x-expires=1722621600&x-signature=Q3k6lpUejHqQsc%2BSSHf%2BJh9Y0I8%3D&shp=a5d48078&shcp=81f88b70', 'id': '7394546729468693291', 'original': False, 'playurl': 'https://v16-webapp-prime.tiktok.com/video/tos/maliva/tos-maliva-ve-27dcd7c799-us/oUSPeLsfReOSGtp1MeqKtIh7AQIHc09YW0M1Qe/?a=1988&bti=ODszNWYuMDE6&ch=0&cr=0&dr=0&er=0&lr=default&cd=0%7C0%7C0%7C0&br=250&bt=125&ft=GNDpcInz7ThFZLtrXq8Zmo&mime_type=audio_mpeg&qs=6&rc=NTk4N2ZkM2doM2U5ZGg3ZEBpajhvdHg5cjpldDMzZzU8NEAvMS8uNGA0XmAxLzBjXy5fYSNramltMmRzXmNgLS1kMS9zcw%3D%3D&btag=e00088000&expire=1722471587&l=2024073118191447886C6078251919D741&ply_type=3&policy=3&signature=8d3b853b51e9e22393ecf8e48418a6f1&tk=0', 'title': 'original sound'}",False,False,Sahil Bloom: original sound,1802,7394546747072056622,video,https://p19-sign.tiktokcdn-us.com/tos-useast5-p-0068-tx/o4ER92Qe60yoaID5BgfuFpASBTITRoz1DrnmtE~tplv-dmt-logom:tos-useast5-i-0068-tx/oUqtRAAYmEDn27YeCtFEgUDcEnARQzAQI7faSr.image?lk3s=81f88b70&nonce=45939&refresh_token=b0bff3a5e82a19f57c80102cb6efcfb2&x-expires=1722621600&x-signature=vFkt0KxNpxIaoLs7scZNN3FlTe4%3D&shp=81f88b70&shcp=280c9438,https://p16-sign-va.tiktokcdn.com/tos-maliva-avt-0068/7340012790796517418~c5_1080x1080.jpeg?lk3s=a5d48078&nonce=42971&refresh_token=7c6c8fb0badcc20c142ecc2463096285&x-expires=1722621600&x-signature=TRGMHv3k8i4XZTlpMORPoV5kAHc%3D&shp=a5d48078&shcp=81f88b70,Preorder my first book- The 5 Types of Wealth today ðŸ‘‡,6909881477669766150,https://www.tiktok.com/@sahilbloom,Sahil Bloom,540p,MS4wLjABAAAAKhgoB-5k59tVAI7rrFtYHnQzaO-UYCsQqVROq9Q40M90eCwYaBw2EDS2u1amuryP,17,7394546747072056622,https://www.tiktok.com/@sahilbloom/video/7394546747072056622,32,https://v16-webapp-prime.tiktok.com/video/tos/maliva/tos-maliva-ve-0068c799-us/okxgTDfEkgnSm1uSpIBTR5A5HoQpF9EoD68rte/?a=1988&bti=ODszNWYuMDE6&ch=0&cr=3&dr=0&lr=tiktok_m&cd=0%7C0%7C1%7C&cv=1&br=1924&bt=962&cs=0&ds=3&ft=4fUEKMXh8Zmo0TQ3k-4jVYkADpWrKsd.&mime_type=video_mp4&qs=0&rc=aTw5M2U1M2k1ZmhkZWc0NkBpajx1Z3c5cndldDMzZzczNEA0YTItYS9gX2ExNi81NC1hYSNvbTBeMmRjNmNgLS1kMS9zcw%3D%3D&btag=e00088000&expire=1722471587&l=2024073118191447886C6078251919D741&ply_type=2&policy=2&signature=e8c3e781c57fa590d28eb011636633f1&tk=tt_chain_token,576
https://v16-webapp-prime.tiktok.com/video/tos/maliva/tos-maliva-ve-0068c799-us/oIYBr7zEpbPB9A4HwMplIfioiCAIqQVwH8YqCI/?a=1988&bti=ODszNWYuMDE6&ch=0&cr=3&dr=0&lr=unwatermarked&cd=0%7C0%7C0%7C&cv=1&br=748&bt=374&cs=0&ds=6&ft=4fUEKMFK8Zmo0GE3k-4jVAmfDpWrKsd.&mime_type=video_mp4&qs=5&rc=ZmUzOmVoZGRoZTQ6aDZkM0BpM2k0OWo5cjlrdDMzZzczNEAvMDNeYTQ1NV4xXjQyY2JfYSNyZHNpMmRjb2hgLS1kMS9zcw%3D%3D&btag=e00088000&expire=1722471661&l=20240731182002EA14D7C8DE6AE21AD1D9&ply_type=2&policy=2&signature=390f2b0a07e691171cb3a03a2db4b616&tk=tt_chain_token,58,3,2024-07-30T17:09:19.000Z,Hereâ€™s why taking advice from some people may not be as great as you think #advice #takingadvice #success #harvard #harvardbusinessstudy ,194,,"['advice', 'takingadvice', 'success', 'harvard', 'harvardbusinessstudy']","{'authorname': 'Sahil Bloom', 'covermedium': 'https://p16-sign-va.tiktokcdn.com/tos-maliva-avt-0068/7340012790796517418~c5_720x720.jpeg?lk3s=a5d48078&nonce=3294&refresh_token=7e80d6f61e95d889812bb456aac93b5a&x-expires=1722621600&x-signature=Q3k6lpUejHqQsc%2BSSHf%2BJh9Y0I8%3D&shp=a5d48078&shcp=81f88b70', 'id': '7397477024044010282', 'original': False, 'playurl': 'https://v16-webapp-prime.tiktok.com/video/tos/maliva/tos-maliva-ve-27dcd7c799-us/o0zmIpVKBBiazw9T1H7Avik7eBpjQMnNEIVvmO/?a=1988&bti=ODszNWYuMDE6&ch=0&cr=0&dr=0&er=0&lr=default&cd=0%7C0%7C0%7C0&br=250&bt=125&ft=GNDpcInz7Th~cLtrXq8Zmo&mime_type=audio_mpeg&qs=6&rc=NjozOzYzZzRpZGY0NmQ3PEBpam95c3U5cmprdDMzZzU8NEA2Xy5gNF5gX2AxNTUwNmE2YSNuM3EzMmRrcGhgLS1kMS9zcw%3D%3D&btag=e00088000&expire=1722471661&l=20240731182002EA14D7C8DE6AE21AD1D9&ply_type=3&policy=3&signature=bf34e9d42d1a19fb85589b0831334e52&tk=0', 'title': 'original sound'}",False,False,Sahil Bloom: original sound,9853,7397477029748165930,video,https://p16-sign.tiktokcdn-us.com/tos-useast5-p-0068-tx/ooWB7jB6iEPMVHpjiIG8AAYCqw4EIpBfwzIbmi~tplv-dmt-logom:tos-useast5-i-0068-tx/oIHCcigBwhAB5ejivAzIBAA4EOphjVIUIP5ChJ.image?lk3s=81f88b70&nonce=67978&refresh_token=02e9be4172e508262d1ece16a0f0fcea&x-expires=1722621600&x-signature=giXRNA2ZCdtbwo7S5fB982BteCY%3D&shp=81f88b70&shcp=280c9438,https://p16-sign-va.tiktokcdn.com/tos-maliva-avt-0068/7340012790796517418~c5_1080x1080.jpeg?lk3s=a5d48078&nonce=41849&refresh_token=4efc5253f6dac0ab3a53502375aad997&x-expires=1722621600&x-signature=TRGMHv3k8i4XZTlpMORPoV5kAHc%3D&shp=a5d48078&shcp=81f88b70,Preorder my first book- The 5 Types of Wealth today ðŸ‘‡,6909881477669766150,https://www.tiktok.com/@sahilbloom,Sahil Bloom,540p,MS4wLjABAAAAKhgoB-5k59tVAI7rrFtYHnQzaO-UYCsQqVROq9Q40M90eCwYaBw2EDS2u1amuryP,14,7397477029748165930,https://www.tiktok.com/@sahilbloom/video/7397477029748165930,58,https://v16-webapp-prime.tiktok.com/video/tos/maliva/tos-maliva-ve-0068c799-us/oEqzI974GAcwQIdawIi8VHpBMfbPYmIiBCAupE/?a=1988&bti=ODszNWYuMDE6&ch=0&cr=3&dr=0&lr=tiktok_m&cd=0%7C0%7C1%7C&cv=1&br=1800&bt=900&cs=0&ds=3&ft=4fUEKMFK8Zmo0GE3k-4jVAmfDpWrKsd.&mime_type=video_mp4&qs=0&rc=aTQ7OjY3aGY1NmZnZzVnO0BpM2k0OWo5cjlrdDMzZzczNEAuLy1fLWEtNjQxNWMuMTA2YSNyZHNpMmRjb2hgLS1kMS9zcw%3D%3D&btag=e00088000&expire=1722471661&l=20240731182002EA14D7C8DE6AE21AD1D9&ply_type=2&policy=2&signature=4f6fdb261965061b261f04423d644c05&tk=tt_chain_token,576
https://v16-webapp-prime.tiktok.com/video/tos/maliva/tos-maliva-ve-0068c799-us/oI1n43FiiPIsQE4IHAizAxyBwApOCBQkPfUCz7/?a=1988&bti=ODszNWYuMDE6&ch=0&cr=3&dr=0&lr=unwatermarked&cd=0%7C0%7C0%7C&cv=1&br=1390&bt=695&cs=0&ds=6&ft=4fUEKMp78Zmo0hQ3k-4jVSP.rpWrKsd.&mime_type=video_mp4&qs=0&rc=ODw3aDllZjM1Zjk4ODM4M0BpM29tbXU5cnJ2dDMzZzczNEBiYGI1LTRhXjIxLjRhX2IxYSMtNHFvMmQ0X2dgLS1kMS9zcw%3D%3D&btag=e00088000&expire=1722471571&l=2024073118185990FEADC71AF45C1739CA&ply_type=2&policy=2&signature=65859ce603ebc4bbab64689fb00f8f33&tk=tt_chain_token,14,2,2024-07-29T16:41:35.000Z,Do hard things #dohardthings #getcold #liftheavy #runfast ,155,,"['dohardthings', 'getcold', 'liftheavy', 'runfast']","{'authorname': 'Sahil Bloom', 'covermedium': 'https://p16-sign-va.tiktokcdn.com/tos-maliva-avt-0068/7340012790796517418~c5_720x720.jpeg?lk3s=a5d48078&nonce=7187&refresh_token=b936304fcf93e13edcd3b65b3f0de4c1&x-expires=1722621600&x-signature=Q3k6lpUejHqQsc%2BSSHf%2BJh9Y0I8%3D&shp=a5d48078&shcp=81f88b70', 'id': '7397098818283653934', 'original': False, 'playurl': 'https://v16-webapp-prime.tiktok.com/video/tos/maliva/tos-maliva-ve-27dcd7c799-us/osiTMpdvfkvIS6KEQxUz9HiGszjB1KwBBJ2XnA/?a=1988&bti=ODszNWYuMDE6&ch=0&cr=0&dr=0&er=0&lr=default&cd=0%7C0%7C0%7C0&br=250&bt=125&ft=GNDpcInz7Th_ZLtrXq8Zmo&mime_type=audio_mpeg&qs=6&rc=aTg0aTtkMzo0ZGhlO2RmOUBpM2k7d3A5cmp2dDMzZzU8NEAwYDU0LzReNTIxXzNfXzRgYSNqZ15yMmRrYGdgLS1kMS9zcw%3D%3D&btag=e00088000&expire=1722453570&l=2024073118185990FEADC71AF45C1739CA&ply_type=3&policy=3&signature=560877c64f904d7d864701971f447fdc&tk=0', 'title': 'original sound'}",False,False,Sahil Bloom: original sound,1448,7397098855684197674,video,https://p16-sign.tiktokcdn-us.com/tos-useast5-p-0068-tx/ogsn41wUPAE5XFG6BBIzPjAAxiBpiCIz3fcIG7~tplv-dmt-logom:tos-useast5-i-0068-tx/ocDanjfxAZZ4NFAIjGrEAekjETIHxEMAjfCA6Y.image?lk3s=81f88b70&nonce=1609&refresh_token=088163ceb365aef7183912a42a064058&x-expires=1722621600&x-signature=PiN62ZKQ613xjv2G37opif9qB5k%3D&shp=81f88b70&shcp=280c9438,https://p16-sign-va.tiktokcdn.com/tos-maliva-avt-0068/7340012790796517418~c5_1080x1080.jpeg?lk3s=a5d48078&nonce=68093&refresh_token=9fd7bfba3c7e49732a1cfe0ac5b4bc2c&x-expires=1722621600&x-signature=TRGMHv3k8i4XZTlpMORPoV5kAHc%3D&shp=a5d48078&shcp=81f88b70,Preorder my first book- The 5 Types of Wealth today ðŸ‘‡,6909881477669766150,https://www.tiktok.com/@sahilbloom,Sahil Bloom,540p,MS4wLjABAAAAKhgoB-5k59tVAI7rrFtYHnQzaO-UYCsQqVROq9Q40M90eCwYaBw2EDS2u1amuryP,5,7397098855684197674,https://www.tiktok.com/@sahilbloom/video/7397098855684197674,29,https://v16-webapp-prime.tiktok.com/video/tos/maliva/tos-maliva-ve-0068c799-us/oA4ri31UwF7IAIskzCEqPciUCzBnpfPxA1QABV/?a=1988&bti=ODszNWYuMDE6&ch=0&cr=3&dr=0&lr=tiktok_m&cd=0%7C0%7C1%7C&cv=1&br=1276&bt=638&cs=0&ds=3&ft=4fUEKMp78Zmo0hQ3k-4jVSP.rpWrKsd.&mime_type=video_mp4&qs=0&rc=ZzQ7ZTxlO2RnM2g6Zjo5OUBpM29tbXU5cnJ2dDMzZzczNEBhNi0yNi81XzAxY2JhXjE1YSMtNHFvMmQ0X2dgLS1kMS9zcw%3D%3D&btag=e00088000&expire=1722471571&l=2024073118185990FEADC71AF45C1739CA&ply_type=2&policy=2&signature=40108f799d0bf09a99d73271301d43b5&tk=tt_chain_token,576
https://v16-webapp-prime.tiktok.com/video/tos/maliva/tos-maliva-ve-0068c799-us/oYIZZpiEiPIim5BEAzrFgEBuI4StQ6TyJSbVU/?a=1988&bti=ODszNWYuMDE6&ch=0&cr=3&dr=0&lr=unwatermarked&cd=0%7C0%7C0%7C&cv=1&br=1808&bt=904&cs=0&ds=6&ft=-Csk_mvMPD12Nkv7IT-Ux845aYKt3wv25NcAp&mime_type=video_mp4&qs=0&rc=ZzU8ZGQ8ZTVnNDZmNzVnOUBpamxndm05cnRydDMzZzczNEAyXjZeYTQtNi0xYi4uLWFiYSMvamlqMmQ0ZWBgLS1kMS9zcw%3D%3D&btag=e00088000&expire=1722471699&l=20240731182059D3F8F612E48DCD1ABCE4&ply_type=2&policy=2&signature=2a48624ba2e1f2cf0dff9442fa9b3431&tk=tt_chain_token,19,1,2024-07-18T21:29:04.000Z,Remember this and youâ€™ll go far in your career #careeradvice #advice ,74,,"['careeradvice', 'advice']","{'authorname': 'Sahil Bloom', 'covermedium': 'https://p16-sign-va.tiktokcdn.com/tos-maliva-avt-0068/7340012790796517418~c5_720x720.jpeg?lk3s=a5d48078&nonce=90599&refresh_token=e5a11be54a150be526694dd961c61908&x-expires=1722621600&x-signature=Q3k6lpUejHqQsc%2BSSHf%2BJh9Y0I8%3D&shp=a5d48078&shcp=81f88b70', 'id': '7393090974564977454', 'original': False, 'playurl': 'https://v16-webapp-prime.tiktok.com/video/tos/maliva/tos-maliva-ve-27dcd7c799-us/o02BSSBZilXRTiZugEGLBArKE98IMpJfwzMjbi/?a=1988&bti=ODszNWYuMDE6&ch=0&cr=0&dr=0&er=0&lr=default&cd=0%7C0%7C0%7C0&br=250&bt=125&ft=GNDpcInz7ThcWLtrXq8Zmo&mime_type=audio_mpeg&qs=6&rc=Njw5ODdnOTY1aDRnZDZmNkBpanFsO3c5cjtydDMzZzU8NEAyNDMyXjIyXi4xLzRiLS1gYSMyanMvMmRzZmBgLS1kMS9zcw%3D%3D&btag=e00088000&expire=1722471699&l=20240731182059D3F8F612E48DCD1ABCE4&ply_type=3&policy=3&signature=3effd674638f599d3f82f7b569c8d6c6&tk=0', 'title': 'original sound'}",False,False,Sahil Bloom: original sound,1340,7393091011263679787,video,https://p16-sign.tiktokcdn-us.com/tos-useast5-p-0068-tx/ocUIEPiKEFAbemCgQRnDSoW2YkEsjnmzbDlfBj~tplv-dmt-logom:tos-useast5-i-0068-tx/ooAAODEIEDgmgImfqiFSZYCTBSkF9EAzDCYRAe.image?lk3s=81f88b70&nonce=37964&refresh_token=7542e083437a9dd09130d67eb2b834e5&x-expires=1722621600&x-signature=HRU1RIgrZNk6GoqxY9A7Oqz9YKc%3D&shp=81f88b70&shcp=280c9438,https://p16-sign-va.tiktokcdn.com/tos-maliva-avt-0068/7340012790796517418~c5_1080x1080.jpeg?lk3s=a5d48078&nonce=86379&refresh_token=cdad2f4485aadcbe6c904a229eb61e62&x-expires=1722621600&x-signature=TRGMHv3k8i4XZTlpMORPoV5kAHc%3D&shp=a5d48078&shcp=81f88b70,Preorder my first book- The 5 Types of Wealth today ðŸ‘‡,6909881477669766150,https://www.tiktok.com/@sahilbloom,Sahil Bloom,540p,MS4wLjABAAAAKhgoB-5k59tVAI7rrFtYHnQzaO-UYCsQqVROq9Q40M90eCwYaBw2EDS2u1amuryP,11,7393091011263679787,https://www.tiktok.com/@sahilbloom/video/7393091011263679787,39,https://v16-webapp-prime.tiktok.com/video/tos/maliva/tos-maliva-ve-0068c799-us/oMn2QKFQ7lSoskyzDgDAIjmnRbmgEBkEHYEWfe/?a=1988&bti=ODszNWYuMDE6&ch=0&cr=3&dr=0&lr=tiktok_m&cd=0%7C0%7C1%7C&cv=1&br=1652&bt=826&cs=0&ds=3&ft=-Csk_mvMPD12Nkv7IT-Ux845aYKt3wv25NcAp&mime_type=video_mp4&qs=0&rc=ODU1ZjVnNzM7NGVmNDw4OkBpamxndm05cnRydDMzZzczNEBgMGMzXzUtXzExYmExNjAvYSMvamlqMmQ0ZWBgLS1kMS9zcw%3D%3D&btag=e00088000&expire=1722471699&l=20240731182059D3F8F612E48DCD1ABCE4&ply_type=2&policy=2&signature=65366c32fd1043ca479ec0792bc15070&tk=tt_chain_token,576
https://v16-webapp-prime.tiktok.com/video/tos/maliva/tos-maliva-ve-0068c799-us/oAdFNA6b5IgffIIalmLeOFAh1zmKa0Q2GFGsRf/?a=1988&bti=ODszNWYuMDE6&ch=0&cr=3&dr=0&lr=unwatermarked&cd=0%7C0%7C0%7C&cv=1&br=1268&bt=634&cs=0&ds=6&ft=4fUEKMk88Zmo0hQ3k-4jV2YrrpWrKsd.&mime_type=video_mp4&qs=0&rc=OzNkZzQ8OmQzOzY5NmdkZkBpM3R5c3U5cmVodDMzZzczNEAyYTNeYmBiNWExXzVhYC9eYSNxbm8zMmRzX2dgLS1kMS9zcw%3D%3D&btag=e00088000&expire=1722471574&l=2024073118190011E30DCAE1749E162612&ply_type=2&policy=2&signature=95529b2216ac26964a89d7a0f970333f&tk=tt_chain_token,27,2,2024-07-29T00:45:19.000Z,Hereâ€™s what you need to do #energycalendar #energy ,70,,"['energycalendar', 'energy']","{'authorname': 'Sahil Bloom', 'covermedium': 'https://p16-sign-va.tiktokcdn.com/tos-maliva-avt-0068/7340012790796517418~c5_720x720.jpeg?lk3s=a5d48078&nonce=54629&refresh_token=083872262cc95cb1c0d567e71aaa5b00&x-expires=1722621600&x-signature=Q3k6lpUejHqQsc%2BSSHf%2BJh9Y0I8%3D&shp=a5d48078&shcp=81f88b70', 'id': '7396852425946696491', 'original': False, 'playurl': 'https://v16-webapp-prime.tiktok.com/video/tos/maliva/tos-maliva-ve-27dcd7c799-us/oUA9ZvgIMiqlg425IbiEIm0UBCIClUmWjGIBi/?a=1988&bti=ODszNWYuMDE6&ch=0&cr=0&dr=0&er=0&lr=default&cd=0%7C0%7C0%7C0&br=250&bt=125&ft=GNDpcInz7Th_ZLtrXq8Zmo&mime_type=audio_mpeg&qs=6&rc=ZTw4PDVoNDU0NWg0NTo8PEBpM25uO3c5cjtodDMzZzU8NEBeMmMzYjRiXzAxNF4vLTYvYSNkL3AvMmRrYGdgLS1kMS9zcw%3D%3D&btag=e00088000&expire=1722453574&l=2024073118190011E30DCAE1749E162612&ply_type=3&policy=3&signature=0077589c576740be0f324fe7bdc527a2&tk=0', 'title': 'original sound'}",False,False,Sahil Bloom: original sound,1463,7396852429695831339,video,https://p19-sign.tiktokcdn-us.com/tos-useast5-p-0068-tx/d328bacbebd747e4a4fe9bfc58befbb0_1722213920~tplv-dmt-logom:tos-useast5-i-0068-tx/oIeFNIEAEqjkCwAeAfgSmIciNhA5ZD7GTAEAAH.image?lk3s=81f88b70&nonce=88040&refresh_token=33947255c1fac44fa09c0b65416046a3&x-expires=1722621600&x-signature=Tdehoz5X6yLqJIfmYqdJzw1g9fE%3D&shp=81f88b70&shcp=280c9438,https://p16-sign-va.tiktokcdn.com/tos-maliva-avt-0068/7340012790796517418~c5_1080x1080.jpeg?lk3s=a5d48078&nonce=87424&refresh_token=aaa08bcf122ecade40574f091b5b7ff1&x-expires=1722621600&x-signature=TRGMHv3k8i4XZTlpMORPoV5kAHc%3D&shp=a5d48078&shcp=81f88b70,Preorder my first book- The 5 Types of Wealth today ðŸ‘‡,6909881477669766150,https://www.tiktok.com/@sahilbloom,Sahil Bloom,540p,MS4wLjABAAAAKhgoB-5k59tVAI7rrFtYHnQzaO-UYCsQqVROq9Q40M90eCwYaBw2EDS2u1amuryP,7,7396852429695831339,https://www.tiktok.com/@sahilbloom/video/7396852429695831339,33,https://v16-webapp-prime.tiktok.com/video/tos/maliva/tos-maliva-ve-0068c799-us/okjmRmDbp2OEE5jnDAEDa2WfvfYg3FIDQ9SB6u/?a=1988&bti=ODszNWYuMDE6&ch=0&cr=3&dr=0&lr=tiktok_m&cd=0%7C0%7C1%7C&cv=1&br=1504&bt=752&cs=0&ds=3&ft=4fUEKMk88Zmo0hQ3k-4jV2YrrpWrKsd.&mime_type=video_mp4&qs=0&rc=NDQ4ZmdmOzVkOjplZzNlOkBpM3R5c3U5cmVodDMzZzczNEAyXjRiNTJjNmExMDMwNV5jYSNxbm8zMmRzX2dgLS1kMS9zcw%3D%3D&btag=e00088000&expire=1722471574&l=2024073118190011E30DCAE1749E162612&ply_type=2&policy=2&signature=ebe81fea37ba5c1ebfab214aab14bea0&tk=tt_chain_token,576
https://v16-webapp-prime.tiktok.com/video/tos/maliva/tos-maliva-ve-0068c799-us/osKgVIIP66mA6DDpofEtBFnERD7DpgOSoQfUL7/?a=1988&bti=ODszNWYuMDE6&ch=0&cr=3&dr=0&lr=unwatermarked&cd=0%7C0%7C0%7C&cv=1&br=1630&bt=815&cs=0&ds=6&ft=4fUEKMZw8Zmo0TQ3k-4jV9l0rpWrKsd.&mime_type=video_mp4&qs=0&rc=Ozk1ZWg3NjQ7NTM0OmZoNEBpandqZ3c5cjZvdDMzZzczNEBiYy8yLi5jXzMxMV5eXjZfYSNyXy9eMmRzNGJgLS1kMS9zcw%3D%3D&btag=e00088000&expire=1722471596&l=2024073118191429880CCF00D5241847DA&ply_type=2&policy=2&signature=4ae222332ba9acb874f5b930b39bcdcd&tk=tt_chain_token,19,0,2024-07-21T18:30:29.000Z,Itâ€™s directly proportional #growth #growing ,65,,"['growth', 'growing']","{'authorname': 'Sahil Bloom', 'covermedium': 'https://p16-sign-va.tiktokcdn.com/tos-maliva-avt-0068/7340012790796517418~c5_720x720.jpeg?lk3s=a5d48078&nonce=65253&refresh_token=d9fd30742aea689954d52ac132379aa3&x-expires=1722621600&x-signature=Q3k6lpUejHqQsc%2BSSHf%2BJh9Y0I8%3D&shp=a5d48078&shcp=81f88b70', 'id': '7394158229996964650', 'original': False, 'playurl': 'https://v16-webapp-prime.tiktok.com/video/tos/maliva/tos-maliva-ve-27dcd7c799-us/oQUpDIQgSzCFOEVUuxJb2nfOoPDlDBfYwT8mbd/?a=1988&bti=ODszNWYuMDE6&ch=0&cr=0&dr=0&er=0&lr=default&cd=0%7C0%7C0%7C0&br=250&bt=125&ft=GNDpcInz7ThFZLtrXq8Zmo&mime_type=audio_mpeg&qs=6&rc=OmZmZmhnNWk0ZDQ8aDw4ZUBpamdtc3U5cmxvdDMzZzU8NEA0Xi5hNTRfNl4xY2I0YC0uYSNnZG4zMmQ0NGJgLS1kMS9zcw%3D%3D&btag=e00088000&expire=1722453595&l=2024073118191429880CCF00D5241847DA&ply_type=3&policy=3&signature=5341ae0477fdeaaaa25827da9361a480&tk=0', 'title': 'original sound'}",False,False,Sahil Bloom: original sound,1082,7394158235009420590,video,https://p19-sign.tiktokcdn-us.com/tos-useast5-p-0068-tx/b122c0c97c2342d8aab23f6a9de0abd8_1721586631~tplv-dmt-logom:tos-useast5-i-0068-tx/o448CBNKdpnU4TqZCAIkGAiU1PgEEAx74iARB.image?lk3s=81f88b70&nonce=79488&refresh_token=9d1d394d0fb294d1d40791eeb9c25c42&x-expires=1722621600&x-signature=06%2Fv3JLZzc%2Fv%2FI%2BpQvARVGcWvtU%3D&shp=81f88b70&shcp=280c9438,https://p16-sign-va.tiktokcdn.com/tos-maliva-avt-0068/7340012790796517418~c5_1080x1080.jpeg?lk3s=a5d48078&nonce=93222&refresh_token=c85529d96c0aeef2515aa7ada2f143ba&x-expires=1722621600&x-signature=TRGMHv3k8i4XZTlpMORPoV5kAHc%3D&shp=a5d48078&shcp=81f88b70,Preorder my first book- The 5 Types of Wealth today ðŸ‘‡,6909881477669766150,https://www.tiktok.com/@sahilbloom,Sahil Bloom,540p,MS4wLjABAAAAKhgoB-5k59tVAI7rrFtYHnQzaO-UYCsQqVROq9Q40M90eCwYaBw2EDS2u1amuryP,6,7394158235009420590,https://www.tiktok.com/@sahilbloom/video/7394158235009420590,41,https://v16-webapp-prime.tiktok.com/video/tos/maliva/tos-maliva-ve-0068c799-us/ocRBOFDCgoPfk6npem3kA6S6aTQEIJLoDVp7Eg/?a=1988&bti=ODszNWYuMDE6&ch=0&cr=3&dr=0&lr=tiktok_m&cd=0%7C0%7C1%7C&cv=1&br=1858&bt=929&cs=0&ds=3&ft=4fUEKMZw8Zmo0TQ3k-4jV9l0rpWrKsd.&mime_type=video_mp4&qs=0&rc=aGlmOmc0NWY1M2dpNzlkM0BpandqZ3c5cjZvdDMzZzczNEBgLTQtY2IxXmAxNS5gMjM2YSNyXy9eMmRzNGJgLS1kMS9zcw%3D%3D&btag=e00088000&expire=1722471596&l=2024073118191429880CCF00D5241847DA&ply_type=2&policy=2&signature=2c4604c218bd27ab39c35520b69ed89b&tk=tt_chain_token,576
https://v16-webapp-prime.tiktok.com/video/tos/maliva/tos-maliva-ve-0068c799-us/oUk8SEuj4ICEITeHINpAs3GfLReQACzFGEjlBp/?a=1988&bti=ODszNWYuMDE6&ch=0&cr=3&dr=0&lr=unwatermarked&cd=0%7C0%7C0%7C&cv=1&br=1400&bt=700&cs=0&ds=6&ft=4fUEKMvo8Zmo0NQ3k-4jVsLWypWrKsd.&mime_type=video_mp4&qs=0&rc=N2c2NDg2aGY6PGgzZDxpOkBpM3JtcXk5cnRudDMzZzczNEAwYjIzX2A1NTYxNDIuLy9jYSMvbWRkMmQ0cWZgLS1kMS9zcw%3D%3D&btag=e00088000&expire=1722471602&l=2024073118190312328476BCA21E1B8E2F&ply_type=2&policy=2&signature=7f143444abcb17db073132bd2d498156&tk=tt_chain_token,4,1,2024-07-27T19:48:58.000Z,"If you donâ€™t want to be filled with regret, think about this #leapoffaith #noregrets ",16,,"['leapoffaith', 'noregrets']","{'authorname': 'Sahil Bloom', 'covermedium': 'https://p16-sign-va.tiktokcdn.com/tos-maliva-avt-0068/7340012790796517418~c5_720x720.jpeg?lk3s=a5d48078&nonce=38046&refresh_token=09243da60c17472692f62790351e1522&x-expires=1722621600&x-signature=Q3k6lpUejHqQsc%2BSSHf%2BJh9Y0I8%3D&shp=a5d48078&shcp=81f88b70', 'id': '7396404954392513322', 'original': False, 'playurl': 'https://v16-webapp-prime.tiktok.com/video/tos/maliva/tos-maliva-ve-27dcd7c799-us/oIUqSiB0JUDG3M9WmliIbeBCTO3gzwTbpmfLhm/?a=1988&bti=ODszNWYuMDE6&ch=0&cr=0&dr=0&er=0&lr=default&cd=0%7C0%7C0%7C0&br=250&bt=125&ft=GNDpcInz7ThMZLtrXq8Zmo&mime_type=audio_mpeg&qs=6&rc=ZTc0NDY3ZzQ0M2U8O2ZkNEBpajRpOWo5cmVudDMzZzU8NEAuNGJjYS81Xy4xYmI1NmJgYSMyY29pMmRjcmZgLS1kMS9zcw%3D%3D&btag=e00088000&expire=1722471602&l=2024073118190312328476BCA21E1B8E2F&ply_type=3&policy=3&signature=666212ae5c3fe2d132d2ad934da63f2f&tk=0', 'title': 'original sound'}",False,False,Sahil Bloom: original sound,745,7396404977322904878,video,https://p19-sign.tiktokcdn-us.com/tos-useast5-p-0068-tx/2c0a1716f9aa4a05869eb6fba74288db_1722109739~tplv-dmt-logom:tos-useast5-i-0068-tx/okAZAfLFDDCmFAtEplETUcEypCSIyaeg4kRq8A.image?lk3s=81f88b70&nonce=7352&refresh_token=5c066713d4991cdaa41867c990228d77&x-expires=1722621600&x-signature=ImXbE70OMSKN5QVquh3LfZlVlhU%3D&shp=81f88b70&shcp=280c9438,https://p16-sign-va.tiktokcdn.com/tos-maliva-avt-0068/7340012790796517418~c5_1080x1080.jpeg?lk3s=a5d48078&nonce=36879&refresh_token=d3824f8f041ab45a6f11c791ad28e0c2&x-expires=1722621600&x-signature=TRGMHv3k8i4XZTlpMORPoV5kAHc%3D&shp=a5d48078&shcp=81f88b70,Preorder my first book- The 5 Types of Wealth today ðŸ‘‡,6909881477669766150,https://www.tiktok.com/@sahilbloom,Sahil Bloom,540p,MS4wLjABAAAAKhgoB-5k59tVAI7rrFtYHnQzaO-UYCsQqVROq9Q40M90eCwYaBw2EDS2u1amuryP,,7396404977322904878,https://www.tiktok.com/@sahilbloom/video/7396404977322904878,58,https://v16-webapp-prime.tiktok.com/video/tos/maliva/tos-maliva-ve-0068c799-us/owejII3CEfRXyFel4xCREuETAQLzHNApS8GkMI/?a=1988&bti=ODszNWYuMDE6&ch=0&cr=3&dr=0&lr=tiktok_m&cd=0%7C0%7C1%7C&cv=1&br=1450&bt=725&cs=0&ds=3&ft=4fUEKMvo8Zmo0NQ3k-4jVsLWypWrKsd.&mime_type=video_mp4&qs=0&rc=ZDQzaTQ0NTszNDw5ZTZnOUBpM3JtcXk5cnRudDMzZzczNEBjLV8zMC1jXzAxXzFjL2E0YSMvbWRkMmQ0cWZgLS1kMS9zcw%3D%3D&btag=e00088000&expire=1722471602&l=2024073118190312328476BCA21E1B8E2F&ply_type=2&policy=2&signature=02fe83d2935c53b89fe85e192cc5d451&tk=tt_chain_token,576
https://v16-webapp-prime.tiktok.com/video/tos/maliva/tos-maliva-ve-0068c799-us/oUPKRmBbi6PEExBQDAEkH2SfTexgqFIDQvSBCs/?a=1988&bti=ODszNWYuMDE6&ch=0&cr=3&dr=0&lr=unwatermarked&cd=0%7C0%7C0%7C&cv=1&br=616&bt=308&cs=0&ds=6&ft=4fUEKMex8Zmo0ZP3k-4jVFImypWrKsd.&mime_type=video_mp4&qs=5&rc=OTtnZGlnNjM5NDQ6OWg4ZkBpMzp0c3U5cjdmdDMzZzczNEAzMV9iM2EuNTYxMmFeMmBhYSMucnMzMmRzNjJgLS1kMS9zcw%3D%3D&btag=e00088000&expire=1722471734&l=20240731182131764B12294B43121A3C01&ply_type=2&policy=2&signature=93573ddc116001e58bb379cd685dd039&tk=tt_chain_token,6,1,2024-07-07T16:40:13.000Z,Something to consider deeply #change #impact #family ,53,,"['change', 'impact', 'family']","{'authorname': 'Sahil Bloom', 'covermedium': 'https://p16-sign-va.tiktokcdn.com/tos-maliva-avt-0068/7340012790796517418~c5_720x720.jpeg?lk3s=a5d48078&nonce=78994&refresh_token=d325b2c6b83ede46658276436cb6fc0a&x-expires=1722621600&x-signature=Q3k6lpUejHqQsc%2BSSHf%2BJh9Y0I8%3D&shp=a5d48078&shcp=81f88b70', 'id': '7388934650992806698', 'original': False, 'playurl': 'https://v16-webapp-prime.tiktok.com/video/tos/maliva/tos-maliva-ve-27dcd7c799-us/oof4s1PmWz2uIwiSxQyi9K4BAEM6RMEKJ4pBKB/?a=1988&bti=ODszNWYuMDE6&ch=0&cr=0&dr=0&er=0&lr=default&cd=0%7C0%7C0%7C0&br=250&bt=125&ft=GNDpcInz7ThzWLtrXq8Zmo&mime_type=audio_mpeg&qs=6&rc=Mzs8ZDU1ZzNoOTg0Ojc0OEBpM282d3I5cnZmdDMzZzU8NEAxYjFhLzRiXjUxMWAtLl80YSNxMmZyMmRjNjJgLS1kMS9zcw%3D%3D&btag=e00088000&expire=1722471733&l=20240731182131764B12294B43121A3C01&ply_type=3&policy=3&signature=29ea84c053a8f63b01581a4cdddee1c3&tk=0', 'title': 'original sound'}",False,False,Sahil Bloom: original sound,1364,7388934619380354346,video,https://p19-sign.tiktokcdn-us.com/tos-useast5-p-0068-tx/27093fbcb1e649eb8426e8d28fc7198b_1720370414~tplv-dmt-logom:tos-useast5-i-0068-tx/oogikx27AjBEoB6PiAxmIZKuCEI4HOEPAArtc.image?lk3s=81f88b70&nonce=63558&refresh_token=0e78f868ae57bbd333f1b899fa51279a&x-expires=1722621600&x-signature=QxQpOc02vsik7fjhFmXWQKm8Ns8%3D&shp=81f88b70&shcp=280c9438,https://p16-sign-va.tiktokcdn.com/tos-maliva-avt-0068/7340012790796517418~c5_1080x1080.jpeg?lk3s=a5d48078&nonce=73364&refresh_token=eae6700a9b823fee3f4f2a22e880d954&x-expires=1722621600&x-signature=TRGMHv3k8i4XZTlpMORPoV5kAHc%3D&shp=a5d48078&shcp=81f88b70,Preorder my first book- The 5 Types of Wealth today ðŸ‘‡,6909881477669766150,https://www.tiktok.com/@sahilbloom,Sahil Bloom,540p,MS4wLjABAAAAKhgoB-5k59tVAI7rrFtYHnQzaO-UYCsQqVROq9Q40M90eCwYaBw2EDS2u1amuryP,1,7388934619380354346,https://www.tiktok.com/@sahilbloom/video/7388934619380354346,41,https://v16-webapp-prime.tiktok.com/video/tos/maliva/tos-maliva-ve-0068c799-us/owEReWEK2OKPWxDvBgfCFbASQSIHPEcTDsimxE/?a=1988&bti=ODszNWYuMDE6&ch=0&cr=3&dr=0&lr=tiktok_m&cd=0%7C0%7C1%7C&cv=1&br=1702&bt=851&cs=0&ds=3&ft=4fUEKMex8Zmo0ZP3k-4jVFImypWrKsd.&mime_type=video_mp4&qs=0&rc=NWk2PDtpOjc4OWU3ZTpkNEBpMzp0c3U5cjdmdDMzZzczNEBiYTMuXzIuNTUxNWAxMC5fYSMucnMzMmRzNjJgLS1kMS9zcw%3D%3D&btag=e00088000&expire=1722471734&l=20240731182131764B12294B43121A3C01&ply_type=2&policy=2&signature=91201e9a883b1059b957dc16fa324391&tk=tt_chain_token,576
https://v16-webapp-prime.tiktok.com/video/tos/maliva/tos-maliva-ve-0068c799-us/4573ba8ad4c947e28a61f508af27dbe9/?a=1988&bti=ODszNWYuMDE6&ch=0&cr=3&dr=0&lr=unwatermarked&cd=0%7C0%7C0%7C&cv=1&br=1522&bt=761&cs=0&ds=6&ft=4fUEKMUx8Zmo0FE3k-4jVAv7rpWrKsd.&mime_type=video_mp4&qs=0&rc=ZzY7aTc1OzQ0OzllaWk1M0BpajNpcjo6ZjZ0ZzMzZzczNEBiMl4tNDE2NmIxXl80LjFiYSNvYTVqcjRnY2JgLS1kMS9zcw%3D%3D&btag=e00088000&expire=1722471637&l=202407311820259CCD0A17B1BE0516C316&ply_type=2&policy=2&signature=c60bb11aaca6ea92b462562a2bff5ff0&tk=tt_chain_token,57083,3575,2022-10-29T22:23:56.000Z,Dont get married until you can do this. #marriage #weddingtiktok #ikeahack #sahilbloom ,720700,,"['marriage', 'weddingtiktok', 'ikeahack', 'sahilbloom']","{'authorname': 'Sahil Bloom', 'covermedium': 'https://p16-sign-va.tiktokcdn.com/tos-maliva-avt-0068/7340012790796517418~c5_720x720.jpeg?lk3s=a5d48078&nonce=48525&refresh_token=677e18b1911ff929c538abf93e5aee7c&x-expires=1722621600&x-signature=Q3k6lpUejHqQsc%2BSSHf%2BJh9Y0I8%3D&shp=a5d48078&shcp=81f88b70', 'id': '7160063646398810923', 'original': False, 'playurl': 'https://v16-webapp-prime.tiktok.com/video/tos/maliva/tos-maliva-v-27dcd7c799-us/8de1741a19a64a10b33a840fc5180b11/?a=1988&bti=ODszNWYuMDE6&ch=0&cr=0&dr=0&er=0&lr=default&cd=0%7C0%7C0%7C0&br=250&bt=125&ft=GNDpcInz7ThpcLtrXq8Zmo&mime_type=audio_mpeg&qs=6&rc=OGY2N2hoMzM4aThnM2Q4NEBpM25yPGQ6Znl0ZzMzZzU8NEAwYzU0LmEvNV4xYy02Xi5iYSNmMmBpcjRfY2JgLS1kMS9zcw%3D%3D&btag=e00088000&expire=1722453637&l=202407311820259CCD0A17B1BE0516C316&ply_type=3&policy=3&signature=0158746532e37fc9bb3e73e72f34a479&tk=0', 'title': 'original sound'}",False,False,Sahil Bloom: original sound,5400000,7160063639175843118,video,https://p16-sign.tiktokcdn-us.com/tos-useast5-p-0068-tx/aa4cf981fd78458c8d0ff398cb551a76~tplv-dmt-logom:tos-useast5-i-0068-tx/1d986f6a5967482a9ae10aae143507d4.image?lk3s=81f88b70&nonce=70713&refresh_token=651b243d5034a8348e81fa2e93723fc9&x-expires=1722621600&x-signature=AAqVxhKqqBRySSOpQUj3mKbkqtM%3D&shp=81f88b70&shcp=280c9438,https://p16-sign-va.tiktokcdn.com/tos-maliva-avt-0068/7340012790796517418~c5_1080x1080.jpeg?lk3s=a5d48078&nonce=38293&refresh_token=8487ebdf681c0f26929504e9fafa7682&x-expires=1722621600&x-signature=TRGMHv3k8i4XZTlpMORPoV5kAHc%3D&shp=a5d48078&shcp=81f88b70,Preorder my first book- The 5 Types of Wealth today ðŸ‘‡,6909881477669766150,https://www.tiktok.com/@sahilbloom,Sahil Bloom,540p,MS4wLjABAAAAKhgoB-5k59tVAI7rrFtYHnQzaO-UYCsQqVROq9Q40M90eCwYaBw2EDS2u1amuryP,50700,7160063639175843118,https://www.tiktok.com/@sahilbloom/video/7160063639175843118,11,https://v16-webapp-prime.tiktok.com/video/tos/maliva/tos-maliva-ve-0068c799-us/10e37a94cfb642e5968e4c318fa77f33/?a=1988&bti=ODszNWYuMDE6&ch=0&cr=3&dr=0&lr=tiktok_m&cd=0%7C0%7C1%7C&cv=1&br=1580&bt=790&cs=0&ds=3&ft=4fUEKMUx8Zmo0FE3k-4jVAv7rpWrKsd.&mime_type=video_mp4&qs=0&rc=OzVnOWRpZGU0NjM8OGc6OkBpajNpcjo6ZjZ0ZzMzZzczNEAtMGAvYzNhXjMxYGA0LWAxYSNvYTVqcjRnY2JgLS1kMS9zcw%3D%3D&btag=e00088000&expire=1722471637&l=202407311820259CCD0A17B1BE0516C316&ply_type=2&policy=2&signature=131c697700c1f81e69b0d8e951248a8c&tk=tt_chain_token,576
https://v16-webapp-prime.tiktok.com/video/tos/maliva/tos-maliva-ve-0068c799-us/oYRr8vPWDEmseWiFAtFQSiRdSBfYmCDIEJgZEl/?a=1988&bti=ODszNWYuMDE6&ch=0&cr=3&dr=0&lr=unwatermarked&cd=0%7C0%7C0%7C&cv=1&br=1044&bt=522&cs=0&ds=6&ft=4fUEKM3x8Zmo0XQ3k-4jVGnmqpWrKsd.&mime_type=video_mp4&qs=0&rc=NTY6NTw6M2ZmPGQ7Ojo8ZkBpMzxxbWs5cnFpdDMzZzczNEAxNWEwX2E0XjMxYTJjYzEvYSNjYTMyMmRjL19gLS1kMS9zcw%3D%3D&btag=e00088000&expire=1722471606&l=20240731181929B3BB148D1BC3AC1B6DAD&ply_type=2&policy=2&signature=a7b2efa1c441a43c2b093c83693c5165&tk=tt_chain_token,18,0,2024-07-16T22:22:51.000Z,One of the best quotes #lifequotes ,74,,['lifequotes'],"{'authorname': 'Sahil Bloom', 'covermedium': 'https://p16-sign-va.tiktokcdn.com/tos-maliva-avt-0068/7340012790796517418~c5_720x720.jpeg?lk3s=a5d48078&nonce=43625&refresh_token=08209b23fc93d5c32d5b38d1b7ca06eb&x-expires=1722621600&x-signature=Q3k6lpUejHqQsc%2BSSHf%2BJh9Y0I8%3D&shp=a5d48078&shcp=81f88b70', 'id': '7392362669438831406', 'original': False, 'playurl': 'https://v16-webapp-prime.tiktok.com/video/tos/maliva/tos-maliva-ve-27dcd7c799-us/oIIUWimrvBsrDFBAMfgUxSIgir8G7lweY2KCJs/?a=1988&bti=ODszNWYuMDE6&ch=0&cr=0&dr=0&er=0&lr=default&cd=0%7C0%7C0%7C0&br=250&bt=125&ft=GNDpcInz7Th.ZLtrXq8Zmo&mime_type=audio_mpeg&qs=6&rc=OWhnNDplZDszZGdpMzMzOUBpamVva2o5cmlpdDMzZzU8NEAxYl5eYzAxXzQxYi9hMS4wYSNxZWRpMmRjMl9gLS1kMS9zcw%3D%3D&btag=e00088000&expire=1722471606&l=20240731181929B3BB148D1BC3AC1B6DAD&ply_type=3&policy=3&signature=9ada38f0f53631f492859eb98955aaeb&tk=0', 'title': 'original sound'}",False,False,Sahil Bloom: original sound,2018,7392362685544860970,video,https://p16-sign.tiktokcdn-us.com/tos-useast5-p-0068-tx/40ea299a21b745b9a040e55f888537e9_1721168572~tplv-dmt-logom:tos-useast5-i-0068-tx/ooXfIoLLAGIzf1StOAGAQVWgG6aA5JERAeIweZ.image?lk3s=81f88b70&nonce=74722&refresh_token=d39320ee74ad4be130a259e82aba47a9&x-expires=1722621600&x-signature=FxT928ptHHAyurTMQ9Z7q6J5f64%3D&shp=81f88b70&shcp=280c9438,https://p16-sign-va.tiktokcdn.com/tos-maliva-avt-0068/7340012790796517418~c5_1080x1080.jpeg?lk3s=a5d48078&nonce=84064&refresh_token=3546d18718ec2e882000824f6797dd6d&x-expires=1722621600&x-signature=TRGMHv3k8i4XZTlpMORPoV5kAHc%3D&shp=a5d48078&shcp=81f88b70,Preorder my first book- The 5 Types of Wealth today ðŸ‘‡,6909881477669766150,https://www.tiktok.com/@sahilbloom,Sahil Bloom,540p,MS4wLjABAAAAKhgoB-5k59tVAI7rrFtYHnQzaO-UYCsQqVROq9Q40M90eCwYaBw2EDS2u1amuryP,2,7392362685544860970,https://www.tiktok.com/@sahilbloom/video/7392362685544860970,35,https://v16-webapp-prime.tiktok.com/video/tos/maliva/tos-maliva-ve-0068c799-us/oAFFsCEmlAPtDSdQEiZvKR8BSwWfEzrREWegID/?a=1988&bti=ODszNWYuMDE6&ch=0&cr=3&dr=0&lr=tiktok_m&cd=0%7C0%7C1%7C&cv=1&br=1040&bt=520&cs=0&ds=3&ft=4fUEKM3x8Zmo0XQ3k-4jVGnmqpWrKsd.&mime_type=video_mp4&qs=0&rc=NzdnZzZnPDYzOzs7Mzg8OUBpMzxxbWs5cnFpdDMzZzczNEAxNTYuMTQyNV4xLzVjNDUxYSNjYTMyMmRjL19gLS1kMS9zcw%3D%3D&btag=e00088000&expire=1722471606&l=20240731181929B3BB148D1BC3AC1B6DAD&ply_type=2&policy=2&signature=07cb57e0f233fb0685a60cb9d0592d53&tk=tt_chain_token,576
https://v16-webapp-prime.tiktok.com/video/tos/maliva/tos-maliva-ve-0068c799-us/oQzPpLT9mAMIdAiI4B7E2h8QFSCawufOXbrBiT/?a=1988&bti=ODszNWYuMDE6&ch=0&cr=3&dr=0&lr=unwatermarked&cd=0%7C0%7C0%7C&cv=1&br=2162&bt=1081&cs=0&ds=6&ft=I~da4ogsD12NvTjTnhIxR8tNWlBF-UjNSMopiX&mime_type=video_mp4&qs=0&rc=OTY1OzU2Z2Y2OGZkNjw7NkBpamZld3I5cm10dDMzZzczNEBeL18xXzAvNjAxMjNjMF5eYSM2amdyMmRjbzZgLS1kMS9zcw%3D%3D&btag=e00088000&expire=1722471702&l=20240731182102C80279CB24C5470A757B&ply_type=2&policy=2&signature=8402f1a59b6f3b85dc31e7f9c2363a2b&tk=tt_chain_token,8,3,2024-07-14T10:53:08.000Z,"If youâ€™re a parent, this video is for you #parentsoftiktok #parentingtips ",76,,"['parentsoftiktok', 'parentingtips']","{'authorname': 'Sahil Bloom', 'covermedium': 'https://p16-sign-va.tiktokcdn.com/tos-maliva-avt-0068/7340012790796517418~c5_720x720.jpeg?lk3s=a5d48078&nonce=78518&refresh_token=2e5dd0687d87f0f59a0a7c41eb9ea1fc&x-expires=1722621600&x-signature=Q3k6lpUejHqQsc%2BSSHf%2BJh9Y0I8%3D&shp=a5d48078&shcp=81f88b70', 'id': '7391442779580205866', 'original': False, 'playurl': 'https://v16-webapp-prime.tiktok.com/video/tos/maliva/tos-maliva-ve-27dcd7c799-us/oMsHwDGKLUftJXnJ0TeuECUoT1gQYkTeAN1QMI/?a=1988&bti=ODszNWYuMDE6&ch=0&cr=0&dr=0&er=0&lr=default&cd=0%7C0%7C0%7C0&br=250&bt=125&ft=GNDpcInz7ThLWLtrXq8Zmo&mime_type=audio_mpeg&qs=6&rc=NGY1PGY8NGhnOzczaGQ1OUBpamkzZ3c5cjh0dDMzZzU8NEAyYGAvNjBiNjYxLmFiYTY2YSNvXi5eMmRrcDZgLS1kMS9zcw%3D%3D&btag=e00088000&expire=1722453702&l=20240731182102C80279CB24C5470A757B&ply_type=3&policy=3&signature=099940d5b45ca8d485c4b2801282a2af&tk=0', 'title': 'original sound'}",False,False,Sahil Bloom: original sound,1093,7391442669236620590,video,https://p19-sign.tiktokcdn-us.com/tos-useast5-p-0068-tx/f8286676b9574f3e842e6f07c9a9aa85_1720954389~tplv-dmt-logom:tos-useast5-i-0068-tx/okAQgE1AR48ImAXfnA6kE6CebP6DECFSSSQDPB.image?lk3s=81f88b70&nonce=11290&refresh_token=6ba125b803a5a061ac6037ae28143ba3&x-expires=1722621600&x-signature=QkAP0zr%2BxLOuiwCR2PLsuQrqZe0%3D&shp=81f88b70&shcp=280c9438,https://p16-sign-va.tiktokcdn.com/tos-maliva-avt-0068/7340012790796517418~c5_1080x1080.jpeg?lk3s=a5d48078&nonce=45135&refresh_token=9364513fb45dea64a891be7d8ef42185&x-expires=1722621600&x-signature=TRGMHv3k8i4XZTlpMORPoV5kAHc%3D&shp=a5d48078&shcp=81f88b70,Preorder my first book- The 5 Types of Wealth today ðŸ‘‡,6909881477669766150,https://www.tiktok.com/@sahilbloom,Sahil Bloom,540p,MS4wLjABAAAAKhgoB-5k59tVAI7rrFtYHnQzaO-UYCsQqVROq9Q40M90eCwYaBw2EDS2u1amuryP,7,7391442669236620590,https://www.tiktok.com/@sahilbloom/video/7391442669236620590,39,https://v16-webapp-prime.tiktok.com/video/tos/maliva/tos-maliva-ve-0068c799-us/oMICTz7CaAdGPwI24aEAaiiBbrBNMSQp9fTmip/?a=1988&bti=ODszNWYuMDE6&ch=0&cr=3&dr=0&lr=tiktok_m&cd=0%7C0%7C1%7C&cv=1&br=2492&bt=1246&cs=0&ds=3&ft=I~da4ogsD12NvTjTnhIxR8tNWlBF-UjNSMopiX&mime_type=video_mp4&qs=0&rc=ZTdmaDc4Ozs3OWdkZGQ2OUBpamZld3I5cm10dDMzZzczNEBfNS4xMy5hXl4xNTQvLWFhYSM2amdyMmRjbzZgLS1kMS9zcw%3D%3D&btag=e00088000&expire=1722471702&l=20240731182102C80279CB24C5470A757B&ply_type=2&policy=2&signature=0d80a5202911d8daafd25ab7b978c33f&tk=tt_chain_token,576
https://v16-webapp-prime.tiktok.com/video/tos/maliva/tos-maliva-ve-0068c799-us/o89EVeFjbQDB49gAOG0gfVEnmNIZR1KDSFFZlB/?a=1988&bti=ODszNWYuMDE6&ch=0&cr=3&dr=0&lr=unwatermarked&cd=0%7C0%7C0%7C&cv=1&br=1410&bt=705&cs=0&ds=6&ft=4fUEKMZw8Zmo0xE3k-4jVuE7rpWrKsd.&mime_type=video_mp4&qs=0&rc=aWQ2NmUzNzo2Z2VoZjc1OkBpamdudHg5cmhzdDMzZzczNEA2MjJiLTBfXy4xM19gMC9fYSNlaWhtMmQ0NDNgLS1kMS9zcw%3D%3D&btag=e00088000&expire=1722471623&l=202407311819485985FCC7576282171E5C&ply_type=2&policy=2&signature=4eb67a6c6bd2a0cc05c3e60e573cb89a&tk=tt_chain_token,16,0,2024-07-09T19:49:23.000Z,Best lesson Iâ€™ve learned on parenting #parenting #teachingyourkids ,127,,"['parenting', 'teachingyourkids']","{'authorname': 'Ã˜neheart & reidenshi', 'covermedium': 'https://p77-sg.tiktokcdn.com/aweme/200x200/tos-alisg-v-2774/o0GBpKnl8AfU1loAAZfkCBjtso2IIQAbgkENHD.jpeg', 'id': '7043672073613936641', 'original': False, 'playurl': 'https://sf16-ies-music-sg.tiktokcdn.com/obj/tos-alisg-ve-2774/oUsTBKbnQQmwZgjt4Zzen7ADYBfCpDPM8dr4og', 'title': 'snowfall'}",False,False,Ã˜neheart & reidenshi: snowfall,2499,7389725551621098794,video,https://p16-sign.tiktokcdn-us.com/tos-useast5-p-0068-tx/o0DqTEeBOIlj4FjEtSIf2lKE0KBjBRgzNmEZAD~tplv-dmt-logom:tos-useast5-i-0068-tx/oYGeAIvAiIlGFLjINkJeCe9EUxA3EjAcNNEyAH.image?lk3s=81f88b70&nonce=70157&refresh_token=08ea91d9080ca84dc1e65a7e8dc8d883&x-expires=1722621600&x-signature=rUvNpyjNu6QTvKcSdouFZLZrDqQ%3D&shp=81f88b70&shcp=280c9438,https://p16-sign-va.tiktokcdn.com/tos-maliva-avt-0068/7340012790796517418~c5_1080x1080.jpeg?lk3s=a5d48078&nonce=12221&refresh_token=2663c47ae36984259c1ca49a428c00c7&x-expires=1722621600&x-signature=TRGMHv3k8i4XZTlpMORPoV5kAHc%3D&shp=a5d48078&shcp=81f88b70,Preorder my first book- The 5 Types of Wealth today ðŸ‘‡,6909881477669766150,https://www.tiktok.com/@sahilbloom,Sahil Bloom,540p,MS4wLjABAAAAKhgoB-5k59tVAI7rrFtYHnQzaO-UYCsQqVROq9Q40M90eCwYaBw2EDS2u1amuryP,20,7389725551621098794,https://www.tiktok.com/@sahilbloom/video/7389725551621098794,33,https://v16-webapp-prime.tiktok.com/video/tos/maliva/tos-maliva-ve-0068c799-us/okGDKOmVgKRbE4nEFZA8bQIDbgCSjjVBGefKK9/?a=1988&bti=ODszNWYuMDE6&ch=0&cr=3&dr=0&lr=tiktok_m&cd=0%7C0%7C1%7C&cv=1&br=1586&bt=793&cs=0&ds=3&ft=4fUEKMZw8Zmo0xE3k-4jVuE7rpWrKsd.&mime_type=video_mp4&qs=0&rc=ZWg2aThlNzQ1ODVoOjs6aUBpamdudHg5cmhzdDMzZzczNEBeMV8tMl81Xy8xYDAxYl9hYSNlaWhtMmQ0NDNgLS1kMS9zcw%3D%3D&btag=e00088000&expire=1722471623&l=202407311819485985FCC7576282171E5C&ply_type=2&policy=2&signature=dd9f3d9c0539ee7f482cf03fe60efb2a&tk=tt_chain_token,576
https://v16-webapp-prime.tiktok.com/video/tos/maliva/tos-maliva-ve-0068c799-us/ocezirBRAe0jAIuINEEiXGiWI4HjkifGCMQSB2/?a=1988&bti=ODszNWYuMDE6&ch=0&cr=3&dr=0&lr=unwatermarked&cd=0%7C0%7C0%7C&cv=1&br=1734&bt=867&cs=0&ds=6&ft=-Csk_mwdPD12NUR7IT-UxqL2pYKt3wv25-cAp&mime_type=video_mp4&qs=0&rc=NDs8M2Q4aDw7aWU3ZDRkO0BpM2Z1b245cmlrdDMzZzczNEAyMTQ1Xi1fNmAxYmA0YC01YSM2ZHFpMmRjY2VgLS1kMS9zcw%3D%3D&btag=e00088000&expire=1722471594&l=2024073118190718BAC7A75D41E31A124F&ply_type=2&policy=2&signature=87a0ffc5a2224235996639fd03e9a740&tk=tt_chain_token,9,1,2024-07-26T03:30:47.000Z,What do you guys think is the biggest struggle?ðŸ‘‡ ,35,,,"{'authorname': 'Sahil Bloom', 'covermedium': 'https://p16-sign-va.tiktokcdn.com/tos-maliva-avt-0068/7340012790796517418~c5_720x720.jpeg?lk3s=a5d48078&nonce=89579&refresh_token=289b8f11b6af69e435dbc39e87af24d2&x-expires=1722621600&x-signature=Q3k6lpUejHqQsc%2BSSHf%2BJh9Y0I8%3D&shp=a5d48078&shcp=81f88b70', 'id': '7395781799701515051', 'original': False, 'playurl': 'https://v16-webapp-prime.tiktok.com/video/tos/maliva/tos-maliva-ve-27dcd7c799-us/o8LiAUMpwJl6YG4gLIqJawWGvQ1oM0yBRjZCi/?a=1988&bti=ODszNWYuMDE6&ch=0&cr=0&dr=0&er=0&lr=default&cd=0%7C0%7C0%7C0&br=250&bt=125&ft=GNDpcInz7ThqZLtrXq8Zmo&mime_type=audio_mpeg&qs=6&rc=NWk4aWloM2ZoaDNnZDU2ZkBpajw2Zmo5cnRrdDMzZzU8NEBjLjYzNl4vNl4xYTZfMmEvYSM1aS9tMmRrZGVgLS1kMS9zcw%3D%3D&btag=e00088000&expire=1722471593&l=2024073118190718BAC7A75D41E31A124F&ply_type=3&policy=3&signature=194bb298b10c00951cef95e99e38e394&tk=0', 'title': 'original sound'}",False,False,Sahil Bloom: original sound,893,7395781820429684011,video,https://p16-sign.tiktokcdn-us.com/tos-useast5-p-0068-tx/owuMiHAi4Eb0KjBArWIRMeIihSGeBfvCkGnNXj~tplv-dmt-logom:tos-useast5-i-0068-tx/o0o3DVfDSI5fRrmEcMSgFobxGCMANEhAFAAlQg.image?lk3s=81f88b70&nonce=44865&refresh_token=f85bde468b6f548706ec31ed2fcf5a2f&x-expires=1722621600&x-signature=xD0Ucb04bCoVY%2FA0Ufli31%2BsQvE%3D&shp=81f88b70&shcp=280c9438,https://p16-sign-va.tiktokcdn.com/tos-maliva-avt-0068/7340012790796517418~c5_1080x1080.jpeg?lk3s=a5d48078&nonce=28052&refresh_token=60e71c61f2b8b1a9747f2ceef38646a7&x-expires=1722621600&x-signature=TRGMHv3k8i4XZTlpMORPoV5kAHc%3D&shp=a5d48078&shcp=81f88b70,Preorder my first book- The 5 Types of Wealth today ðŸ‘‡,6909881477669766150,https://www.tiktok.com/@sahilbloom,Sahil Bloom,540p,MS4wLjABAAAAKhgoB-5k59tVAI7rrFtYHnQzaO-UYCsQqVROq9Q40M90eCwYaBw2EDS2u1amuryP,2,7395781820429684011,https://www.tiktok.com/@sahilbloom/video/7395781820429684011,45,https://v16-webapp-prime.tiktok.com/video/tos/maliva/tos-maliva-ve-0068c799-us/oIMYIJGEjkvfweFkMAgiPIqRQAWNdpDde9OHFC/?a=1988&bti=ODszNWYuMDE6&ch=0&cr=3&dr=0&lr=tiktok_m&cd=0%7C0%7C1%7C&cv=1&br=1726&bt=863&cs=0&ds=3&ft=-Csk_mwdPD12NUR7IT-UxqL2pYKt3wv25-cAp&mime_type=video_mp4&qs=0&rc=aGk3NWQzOztlODhpNDU4M0BpM2Z1b245cmlrdDMzZzczNEAvMmJhXmAuNmMxMF9jYF5jYSM2ZHFpMmRjY2VgLS1kMS9zcw%3D%3D&btag=e00088000&expire=1722471594&l=2024073118190718BAC7A75D41E31A124F&ply_type=2&policy=2&signature=1c05fb7693fc1715f59fca9e9c73994c&tk=tt_chain_token,576
https://v16-webapp-prime.tiktok.com/video/tos/maliva/tos-maliva-ve-0068c799-us/okfAeRJPJdaAYj28cyILFLJRGOxGkAVIcgeeW6/?a=1988&bti=ODszNWYuMDE6&ch=0&cr=3&dr=0&lr=unwatermarked&cd=0%7C0%7C0%7C&cv=1&br=1684&bt=842&cs=0&ds=6&ft=4fUEKM3x8Zmo0WI3k-4jVd-f-pWrKsd.&mime_type=video_mp4&qs=0&rc=OGY6Z2kzZTg1PGZkOjc0aEBpM2h2a3E5cjx5dDMzZzczNEA1LzAvLWE2XjExXzFjYl4uYSNnX2xgMmRzMjFgLS1kMS9zcw%3D%3D&btag=e00088000&expire=1722471752&l=20240731182207C58492B65E3FAD1AB814&ply_type=2&policy=2&signature=54725c13958288228520e3a85c1fced5&tk=tt_chain_token,9,5,2024-07-07T01:44:48.000Z,Christian Bale said it best #opinions #selfimprovement ,122,,"['opinions', 'selfimprovement']","{'authorname': 'Sahil Bloom', 'covermedium': 'https://p16-sign-va.tiktokcdn.com/tos-maliva-avt-0068/7340012790796517418~c5_720x720.jpeg?lk3s=a5d48078&nonce=36813&refresh_token=d3420ec822cd19dea66b5bd4d644374e&x-expires=1722621600&x-signature=Q3k6lpUejHqQsc%2BSSHf%2BJh9Y0I8%3D&shp=a5d48078&shcp=81f88b70', 'id': '7388703904541739818', 'original': False, 'playurl': 'https://v16-webapp-prime.tiktok.com/video/tos/maliva/tos-maliva-ve-27dcd7c799-us/ocw8xF6cNWHFmcDJCeFEAMDToEETmVaMI3fNkf/?a=1988&bti=ODszNWYuMDE6&ch=0&cr=0&dr=0&er=0&lr=default&cd=0%7C0%7C0%7C0&br=250&bt=125&ft=GNDpcInz7Th4KLtrXq8Zmo&mime_type=audio_mpeg&qs=6&rc=ODk7N2loaTNlOTY8Ozc4OEBpM3Zmdng5cjd5dDMzZzU8NEAtYjVgNV42Xi4xYV9iL19jYSNibi1vMmRzMzFgLS1kMS9zcw%3D%3D&btag=e00088000&expire=1722471752&l=20240731182207C58492B65E3FAD1AB814&ply_type=3&policy=3&signature=14256906b045fe729c8eb4977d904e98&tk=0', 'title': 'original sound'}",False,False,Sahil Bloom: original sound,5494,7388703888733441322,video,https://p16-sign.tiktokcdn-us.com/tos-useast5-p-0068-tx/oExOVHMwWv0PJmPfkGfwAFtRI74hAIJ8Aae4eQ~tplv-dmt-logom:tos-useast5-i-0068-tx/oIfNJCjCIcDEOJAED8FMQEAxHfAUIAE9fyAknA.image?lk3s=81f88b70&nonce=85328&refresh_token=9c3b8b5c463eea7bef9c4f51f7d3d97d&x-expires=1722621600&x-signature=dnPpk7k3YeQgSXrAJw%2FjA2dWTqo%3D&shp=81f88b70&shcp=280c9438,https://p16-sign-va.tiktokcdn.com/tos-maliva-avt-0068/7340012790796517418~c5_1080x1080.jpeg?lk3s=a5d48078&nonce=27631&refresh_token=e8aae6d8cc3eff44b0f8a92b6bd7d8d8&x-expires=1722621600&x-signature=TRGMHv3k8i4XZTlpMORPoV5kAHc%3D&shp=a5d48078&shcp=81f88b70,Preorder my first book- The 5 Types of Wealth today ðŸ‘‡,6909881477669766150,https://www.tiktok.com/@sahilbloom,Sahil Bloom,540p,MS4wLjABAAAAKhgoB-5k59tVAI7rrFtYHnQzaO-UYCsQqVROq9Q40M90eCwYaBw2EDS2u1amuryP,9,7388703888733441322,https://www.tiktok.com/@sahilbloom/video/7388703888733441322,24,https://v16-webapp-prime.tiktok.com/video/tos/maliva/tos-maliva-ve-0068c799-us/oYMjuEEEOFyPGTkjIOKn5eAQDfAjFHgdLClNfI/?a=1988&bti=ODszNWYuMDE6&ch=0&cr=3&dr=0&lr=tiktok_m&cd=0%7C0%7C1%7C&cv=1&br=1880&bt=940&cs=0&ds=3&ft=4fUEKM3x8Zmo0WI3k-4jVd-f-pWrKsd.&mime_type=video_mp4&qs=0&rc=Zjg0ODQ5Zzw1ZGZoOTVnPEBpM2h2a3E5cjx5dDMzZzczNEAxXzU2XjReX2IxMi8wYWIwYSNnX2xgMmRzMjFgLS1kMS9zcw%3D%3D&btag=e00088000&expire=1722471752&l=20240731182207C58492B65E3FAD1AB814&ply_type=2&policy=2&signature=1bca135326c31d6b39af81babafa732e&tk=tt_chain_token,576
https://v16-webapp-prime.tiktok.com/video/tos/maliva/tos-maliva-ve-0068c799-us/osAnSFD8REDqZIpCSYEQUnBAEgzgf9LujmfOEk/?a=1988&bti=ODszNWYuMDE6&ch=0&cr=3&dr=0&lr=unwatermarked&cd=0%7C0%7C0%7C&cv=1&br=1638&bt=819&cs=0&ds=6&ft=4fUEKMvi8Zmo0iE3k-4jVFze8pWrKsd.&mime_type=video_mp4&qs=0&rc=ZGk8NGc8ZTk4MzMzNmZmPEBpajV3dHg5cmozdDMzZzczNEAyLi40My4zNS8xMGMtXjM0YSMwZ2ZtMmRrZzNgLS1kMS9zcw%3D%3D&btag=e00088000&expire=1722471681&l=20240731182021B5ACD4107B69501BD779&ply_type=2&policy=2&signature=33f67273ff869e05099f17f1be4216c2&tk=tt_chain_token,11,0,2024-07-08T15:46:50.000Z,The 3 types of #listening ,67,,['listening'],"{'authorname': 'Sahil Bloom', 'covermedium': 'https://p16-sign-va.tiktokcdn.com/tos-maliva-avt-0068/7340012790796517418~c5_720x720.jpeg?lk3s=a5d48078&nonce=1983&refresh_token=f361e68c270d8d6c04234159b4005c15&x-expires=1722621600&x-signature=Q3k6lpUejHqQsc%2BSSHf%2BJh9Y0I8%3D&shp=a5d48078&shcp=81f88b70', 'id': '7389291980469111595', 'original': False, 'playurl': 'https://v16-webapp-prime.tiktok.com/video/tos/maliva/tos-maliva-ve-27dcd7c799-us/oAqYt7nEasJ3cYGQlBFmCEkDgGSCYDWffAjUax/?a=1988&bti=ODszNWYuMDE6&ch=0&cr=0&dr=0&er=0&lr=default&cd=0%7C0%7C0%7C0&br=250&bt=125&ft=GNDpcInz7ThtcLtrXq8Zmo&mime_type=audio_mpeg&qs=6&rc=ZWc1ZTY8NTo2M2Y8NDplaEBpam9od3I5cnUzdDMzZzU8NEBhYjYxMTEyNi8xY15hYTM0YSMubmdyMmRjZzNgLS1kMS9zcw%3D%3D&btag=e00088000&expire=1722471680&l=20240731182021B5ACD4107B69501BD779&ply_type=3&policy=3&signature=a11630adfed87ca4099e8929515c0e3f&tk=0', 'title': 'original sound'}",False,False,Sahil Bloom: original sound,1214,7389291959472475434,video,https://p19-sign.tiktokcdn-us.com/tos-useast5-p-0068-tx/oEnzrSDCIFAnQ8BjOBESoEElD9AFfRuYmUe0gE~tplv-dmt-logom:tos-useast5-i-0068-tx/oceEkfAYPgrRDWAQAGtEAqCSEDjFIHG7mknlAE.image?lk3s=81f88b70&nonce=71438&refresh_token=3a705a11848098b239e0ac49ceba6b19&x-expires=1722621600&x-signature=tjVI%2FPUFaXL8tPHb3KVLzT8AccM%3D&shp=81f88b70&shcp=280c9438,https://p16-sign-va.tiktokcdn.com/tos-maliva-avt-0068/7340012790796517418~c5_1080x1080.jpeg?lk3s=a5d48078&nonce=90883&refresh_token=1207941124b516e639e2e2c38238e6df&x-expires=1722621600&x-signature=TRGMHv3k8i4XZTlpMORPoV5kAHc%3D&shp=a5d48078&shcp=81f88b70,Preorder my first book- The 5 Types of Wealth today ðŸ‘‡,6909881477669766150,https://www.tiktok.com/@sahilbloom,Sahil Bloom,540p,MS4wLjABAAAAKhgoB-5k59tVAI7rrFtYHnQzaO-UYCsQqVROq9Q40M90eCwYaBw2EDS2u1amuryP,8,7389291959472475434,https://www.tiktok.com/@sahilbloom/video/7389291959472475434,58,https://v16-webapp-prime.tiktok.com/video/tos/maliva/tos-maliva-ve-0068c799-us/ogCeAJIGkLoYOIBAgNIG7eecRqjhAOdpHkwFmj/?a=1988&bti=ODszNWYuMDE6&ch=0&cr=3&dr=0&lr=tiktok_m&cd=0%7C0%7C1%7C&cv=1&br=1736&bt=868&cs=0&ds=3&ft=4fUEKMvi8Zmo0iE3k-4jVFze8pWrKsd.&mime_type=video_mp4&qs=0&rc=MzY2PDxnaTw8OWVlPDRnN0BpajV3dHg5cmozdDMzZzczNEAvYWMwM2MxNV4xYjAzXjYxYSMwZ2ZtMmRrZzNgLS1kMS9zcw%3D%3D&btag=e00088000&expire=1722471681&l=20240731182021B5ACD4107B69501BD779&ply_type=2&policy=2&signature=87d7674634de19197842a4f5cbd3e9eb&tk=tt_chain_token,576
https://v16-webapp-prime.tiktok.com/video/tos/maliva/tos-maliva-ve-0068c799-us/7cc37f84e12b4facac3a1daa5db24b2d/?a=1988&bti=ODszNWYuMDE6&ch=0&cr=3&dr=0&lr=unwatermarked&cd=0%7C0%7C0%7C&cv=1&br=1836&bt=918&cs=0&ds=6&ft=4fUEKMXx8Zmo0GQ3k-4jVlMtrpWrKsd.&mime_type=video_mp4&qs=0&rc=ZjRmNTpmZzU3PGZkPGhpZkBpajN1NTc6ZnR3ZzMzZzczNEBeMF5iYl9hX2ExXjAyMzQtYSNzM3FjcjRfajVgLS1kMS9zcw%3D%3D&btag=e00088000&expire=1722471589&l=20240731181858D9A14FC8847A4416568D&ply_type=2&policy=2&signature=3e90ca9c0e9fe3d6990f4e63e651b305&tk=tt_chain_token,15118,219,2022-10-20T23:39:29.000Z,The best wedding gift I ever received #weddingtiktok #wedding #honeymoonfund #sahilbloom ,154000,,"['weddingtiktok', 'wedding', 'honeymoonfund', 'sahilbloom']","{'authorname': 'Sahil Bloom', 'covermedium': 'https://p16-sign-va.tiktokcdn.com/tos-maliva-avt-0068/7340012790796517418~c5_720x720.jpeg?lk3s=a5d48078&nonce=4788&refresh_token=8b8498a72637009e886870c5a99122fc&x-expires=1722621600&x-signature=Q3k6lpUejHqQsc%2BSSHf%2BJh9Y0I8%3D&shp=a5d48078&shcp=81f88b70', 'id': '7156743370071673643', 'original': False, 'playurl': 'https://v16-webapp-prime.tiktok.com/video/tos/maliva/tos-maliva-v-27dcd7c799-us/e3a0334955544907ab1760ec0615c016/?a=1988&bti=ODszNWYuMDE6&ch=0&cr=0&dr=0&er=0&lr=default&cd=0%7C0%7C0%7C0&br=250&bt=125&ft=GNDpcInz7Th~ZLtrXq8Zmo&mime_type=audio_mpeg&qs=6&rc=ZWRmOzs6ZTw4OjY4aWc5ZkBpM3hobzo6ZmZ3ZzMzZzU8NEAxNF5gYzI1NTUxLjQ0YzUyYSNubC0zcjRfbDVgLS1kMS9zcw%3D%3D&btag=e00088000&expire=1722453589&l=20240731181858D9A14FC8847A4416568D&ply_type=3&policy=3&signature=10702c239319a2a6b3b6415783998ba7&tk=0', 'title': 'original sound'}",False,False,Sahil Bloom: original sound,1600000,7156743195072761130,video,https://p16-sign.tiktokcdn-us.com/tos-useast5-p-0068-tx/2cbec3f0ae2840df9b972ee2159d48af_1666309170~tplv-dmt-logom:tos-useast5-i-0068-tx/f4cd154e97384462bf82857ab4a0c5ed.image?lk3s=81f88b70&nonce=39237&refresh_token=1c402a6c41483ec0317014a5e1faa114&x-expires=1722621600&x-signature=yvNurA8VYgiAFfgP8yz7TgANGUU%3D&shp=81f88b70&shcp=280c9438,https://p16-sign-va.tiktokcdn.com/tos-maliva-avt-0068/7340012790796517418~c5_1080x1080.jpeg?lk3s=a5d48078&nonce=80212&refresh_token=5c4dda5bad3377cc5e55042f3806b691&x-expires=1722621600&x-signature=TRGMHv3k8i4XZTlpMORPoV5kAHc%3D&shp=a5d48078&shcp=81f88b70,Preorder my first book- The 5 Types of Wealth today ðŸ‘‡,6909881477669766150,https://www.tiktok.com/@sahilbloom,Sahil Bloom,540p,MS4wLjABAAAAKhgoB-5k59tVAI7rrFtYHnQzaO-UYCsQqVROq9Q40M90eCwYaBw2EDS2u1amuryP,4596,7156743195072761130,https://www.tiktok.com/@sahilbloom/video/7156743195072761130,51,https://v16-webapp-prime.tiktok.com/video/tos/maliva/tos-maliva-ve-0068c799-us/237455f0d0a143548ac8d674a96b75e7/?a=1988&bti=ODszNWYuMDE6&ch=0&cr=3&dr=0&lr=tiktok_m&cd=0%7C0%7C1%7C&cv=1&br=1868&bt=934&cs=0&ds=3&ft=4fUEKMXx8Zmo0GQ3k-4jVlMtrpWrKsd.&mime_type=video_mp4&qs=0&rc=ZDk7ZztnZmQ1aTc2aTo4PEBpajN1NTc6ZnR3ZzMzZzczNEA0MF81MGNhXjQxLmIxYDMtYSNzM3FjcjRfajVgLS1kMS9zcw%3D%3D&btag=e00088000&expire=1722471589&l=20240731181858D9A14FC8847A4416568D&ply_type=2&policy=2&signature=9e6ad80148726fad9809e072e07cea15&tk=tt_chain_token,576
https://v16-webapp-prime.tiktok.com/video/tos/maliva/tos-maliva-ve-0068c799-us/oEDFEICOIMjkqeKzofxFXE28NdxueDtpLQEAAH/?a=1988&bti=ODszNWYuMDE6&ch=0&cr=3&dr=0&lr=unwatermarked&cd=0%7C0%7C0%7C&cv=1&br=2072&bt=1036&cs=0&ds=6&ft=4fUEKMMK8Zmo08Q3k-4jVvQKupWrKsd.&mime_type=video_mp4&qs=0&rc=OTc0NGk0ZjM5NzxpZTRmZUBpMzZqaXI5cmZ1dDMzZzczNEBiLS4uM2A0NjIxXi1gLmJhYSMvcGtlMmRzY19gLS1kMS9zcw%3D%3D&btag=e00090000&expire=1722471651&l=202407311819254AA72332282A8516DB75&ply_type=2&policy=2&signature=a46df328af61e7e72a9ef0996f707b8b&tk=tt_chain_token,40,5,2024-07-17T12:31:59.000Z,"MY FIRST BOOKâ€”THE 5 TYPES OF WEALTHâ€”IS OFFICIALLY AVAILABLE FOR PREORDER EVERYWHERE BOOKS ARE SOLD! I'm thrilled to announce that you can now preorder my first book at the5typesofwealth.com (link in bio) or direct on your favorite book site. Comment and share this post and I'll personally message you my thanks and a few ideas I think you'll enjoy in the book. No automations, just me, because real impact is personal and human. I believe this book is going to change millions of lives. Its ideas have already changed mine... So, what is â€‹The 5 Types of Wealthâ€‹ all about? It's about rejecting the default and living life by design. It's about realizing that your wealthy life may involve money, but in the end, it will be defined by everything else. In this book, I offer a new way for you to think about your life centered around five types of wealth: â€¢ Time Wealth â€¢ Social Wealth â€¢ Mental Wealth â€¢ Physical Wealth â€¢ Financial Wealth A new way to measure what matters, make better decisions, and design your life around the pillars that truly create lasting joy and fulfillment. Importantly, this book will not give you the answers. It will give you the right questions, so that you can uncover and act on them. While the lens through which you view them will be individual, the stories, questions, ideas, and tools contained in this book are universal. No matter who you are, or where you are on your journey, this book is for you. If youâ€™ve enjoyed any of my work, youâ€™re going to find immense value in this book. I guarantee it. My humble ask: Preorders are extremely important for the success of a bookâ€”retailers use the data to determine buys, placement, and moreâ€”so I'd be truly grateful for your support as I continue on my mission to create millions of positive ripples in the world. Order your copy today at the5typesofwealth.com (link in my bio and story) or search the title on your favorite book website. P.S. I'm also offering a bunch of bonuses for anyone who preorders one or more copies (a video series, access to a monthly live AMA/office hours, and a virtual book club appearance). Drop your order number in the portal on the website to access those bonuses.",1114,,,"{'authorname': 'Sahil Bloom', 'covermedium': 'https://p16-sign-va.tiktokcdn.com/tos-maliva-avt-0068/7340012790796517418~c5_720x720.jpeg?lk3s=a5d48078&nonce=64456&refresh_token=be5ba39c6ddaef591aa4f0661fc7dcb8&x-expires=1722621600&x-signature=Q3k6lpUejHqQsc%2BSSHf%2BJh9Y0I8%3D&shp=a5d48078&shcp=81f88b70', 'id': '7392581500653046570', 'original': False, 'playurl': 'https://v16-webapp-prime.tiktok.com/video/tos/maliva/tos-maliva-ve-27dcd7c799-us/okyIccvwBBuS2pFXMBiOwzMiEBwZQJgfKBAzT9/?a=1988&bti=ODszNWYuMDE6&ch=0&cr=0&dr=0&er=0&lr=default&cd=0%7C0%7C0%7C0&br=250&bt=125&ft=GNDpcInz7ThnZLtrXq8Zmo&mime_type=audio_mpeg&qs=6&rc=OzU3ZGY0PGY7PDtoOmU4ZEBpamlyZmo5cmp1dDMzZzU8NEAwMjBiM2IxXmAxXzU1Xl4wYSMtXzNtMmRjZ19gLS1kMS9zcw%3D%3D&btag=e00090000&expire=1722453651&l=202407311819254AA72332282A8516DB75&ply_type=3&policy=3&signature=00d3f72ff6d12d3e216247c7693c768e&tk=0', 'title': 'original sound'}",False,False,Sahil Bloom: original sound,10100,7392581472949112110,video,https://p16-sign.tiktokcdn-us.com/tos-useast5-p-0068-tx/ocweEkEFzDAbuez6c2FxHjNAaIOADCPLI8fzXE~tplv-dmt-logom:tos-useast5-i-0068-tx/oEjc3AAoNEHfk8bvEfLIANG9ILAjH3AQIOeAk3.image?lk3s=81f88b70&nonce=6842&refresh_token=e28e40d7f094b77914f14de8d132ab18&x-expires=1722621600&x-signature=1CzB0LS2xSkCxp%2BkGBWYyhsF2eM%3D&shp=81f88b70&shcp=280c9438,https://p16-sign-va.tiktokcdn.com/tos-maliva-avt-0068/7340012790796517418~c5_1080x1080.jpeg?lk3s=a5d48078&nonce=32719&refresh_token=89b915cf658e2cbe6bfcb9d7a792d11a&x-expires=1722621600&x-signature=TRGMHv3k8i4XZTlpMORPoV5kAHc%3D&shp=a5d48078&shcp=81f88b70,Preorder my first book- The 5 Types of Wealth today ðŸ‘‡,6909881477669766150,https://www.tiktok.com/@sahilbloom,Sahil Bloom,540p,MS4wLjABAAAAKhgoB-5k59tVAI7rrFtYHnQzaO-UYCsQqVROq9Q40M90eCwYaBw2EDS2u1amuryP,15,7392581472949112110,https://www.tiktok.com/@sahilbloom/video/7392581472949112110,85,https://v16-webapp-prime.tiktok.com/video/tos/maliva/tos-maliva-ve-0068c799-us/owT1gfG9DHMNFl4IzvEc2eQ8LCkIFIcAx5j2eA/?a=1988&bti=ODszNWYuMDE6&ch=0&cr=3&dr=0&lr=tiktok_m&cd=0%7C0%7C1%7C&cv=1&br=1882&bt=941&cs=0&ds=3&ft=4fUEKMMK8Zmo08Q3k-4jVvQKupWrKsd.&mime_type=video_mp4&qs=0&rc=ZTw0OzVoOTw7OWVkZjtlNEBpMzZqaXI5cmZ1dDMzZzczNEA0YTQvNTNfNWMxMzRfL2BiYSMvcGtlMmRzY19gLS1kMS9zcw%3D%3D&btag=e00090000&expire=1722471651&l=202407311819254AA72332282A8516DB75&ply_type=2&policy=2&signature=ae7a70e144914b205e285e00d026916e&tk=tt_chain_token,576
https://v16-webapp-prime.tiktok.com/video/tos/maliva/tos-maliva-ve-0068c799-us/ooNjkVScJCeIXALjvHGEeugQCJIQA6e200vGIp/?a=1988&bti=ODszNWYuMDE6&ch=0&cr=3&dr=0&lr=unwatermarked&cd=0%7C0%7C0%7C&cv=1&br=726&bt=363&cs=0&ds=6&ft=4fUEKMvx8Zmo0YI3k-4jVGDL-pWrKsd.&mime_type=video_mp4&qs=5&rc=NjY5OGQ1NjY3OjRlOTszZ0BpangzbXU5cjRldDMzZzczNEBgL142YC81NTMxYjFjMC4xYSNoM21vMmQ0cTZgLS1kMS9zcw%3D%3D&btag=e00088000&expire=1722471795&l=2024073118221793EDA0FF463C981B10F1&ply_type=2&policy=2&signature=b35e88dd84ce0d9a013a2bcd51dccdb6&tk=tt_chain_token,10,1,2024-07-13T17:52:22.000Z,Where can you make the coffee? #makethecoffee #impact ,80,,"['makethecoffee', 'impact']","{'authorname': 'Sahil Bloom', 'covermedium': 'https://p16-sign-va.tiktokcdn.com/tos-maliva-avt-0068/7340012790796517418~c5_720x720.jpeg?lk3s=a5d48078&nonce=93542&refresh_token=cf5ed91df09d20473701cfd84977c423&x-expires=1722621600&x-signature=Q3k6lpUejHqQsc%2BSSHf%2BJh9Y0I8%3D&shp=a5d48078&shcp=81f88b70', 'id': '7391179741174647594', 'original': False, 'playurl': 'https://v16-webapp-prime.tiktok.com/video/tos/maliva/tos-maliva-ve-27dcd7c799-us/oYOqMNSJ3U6rFCDuDEgFektSIfvomZEB8O7xSC/?a=1988&bti=ODszNWYuMDE6&ch=0&cr=0&dr=0&er=0&lr=default&cd=0%7C0%7C0%7C0&br=250&bt=125&ft=GNDpcInz7ThxKLtrXq8Zmo&mime_type=audio_mpeg&qs=6&rc=M2lkZ2RmZ2QzaThkZzc6N0BpanhraXI5cnBldDMzZzU8NEAxYWIvLjFfNi8xYTM2NF4uYSMzYmZlMmRjcTZgLS1kMS9zcw%3D%3D&btag=e00088000&expire=1722471795&l=2024073118221793EDA0FF463C981B10F1&ply_type=3&policy=3&signature=0836b71f11891da324bf48a13fca66a1&tk=0', 'title': 'original sound'}",False,False,Sahil Bloom: original sound,1859,7391179729115663662,video,https://p19-sign.tiktokcdn-us.com/tos-useast5-p-0068-tx/cb54484067574696b32ba77925328501_1720893144~tplv-dmt-logom:tos-useast5-i-0068-tx/oUXIxJAJkLTEAEkAHNAtjzAA2IQfeHTGgKfawt.image?lk3s=81f88b70&nonce=42152&refresh_token=2677a877cbbbc8ccf723bc5503793541&x-expires=1722621600&x-signature=ENw0oe4iUooFWBxiwXfYe0YQbUw%3D&shp=81f88b70&shcp=280c9438,https://p16-sign-va.tiktokcdn.com/tos-maliva-avt-0068/7340012790796517418~c5_1080x1080.jpeg?lk3s=a5d48078&nonce=68745&refresh_token=df7a089f1408bea7abef1cd3e63e6739&x-expires=1722621600&x-signature=TRGMHv3k8i4XZTlpMORPoV5kAHc%3D&shp=a5d48078&shcp=81f88b70,Preorder my first book- The 5 Types of Wealth today ðŸ‘‡,6909881477669766150,https://www.tiktok.com/@sahilbloom,Sahil Bloom,540p,MS4wLjABAAAAKhgoB-5k59tVAI7rrFtYHnQzaO-UYCsQqVROq9Q40M90eCwYaBw2EDS2u1amuryP,1,7391179729115663662,https://www.tiktok.com/@sahilbloom/video/7391179729115663662,57,https://v16-webapp-prime.tiktok.com/video/tos/maliva/tos-maliva-ve-0068c799-us/oYzQvXKcGECupSv0AGLQkvjJeCezNGHII2AeIJ/?a=1988&bti=ODszNWYuMDE6&ch=0&cr=3&dr=0&lr=tiktok_m&cd=0%7C0%7C1%7C&cv=1&br=1928&bt=964&cs=0&ds=3&ft=4fUEKMvx8Zmo0YI3k-4jVGDL-pWrKsd.&mime_type=video_mp4&qs=0&rc=Mzg6Z2k0NTU7ODtnZDVoNkBpangzbXU5cjRldDMzZzczNEAzXi0wX2MyXmIxMWJeYy00YSNoM21vMmQ0cTZgLS1kMS9zcw%3D%3D&btag=e00088000&expire=1722471795&l=2024073118221793EDA0FF463C981B10F1&ply_type=2&policy=2&signature=dee59b4da41c97a05394bbd4e6954448&tk=tt_chain_token,576
https://v16-webapp-prime.tiktok.com/video/tos/maliva/tos-maliva-ve-0068c799-us/oEgCxfVaRwiIBqFEQ39iARAprBTiI3i4z4bU2a/?a=1988&bti=ODszNWYuMDE6&ch=0&cr=3&dr=0&lr=unwatermarked&cd=0%7C0%7C0%7C&cv=1&br=1616&bt=808&cs=0&ds=6&ft=4fUEKM9j8Zmo0kQ3k-4jVko5DpWrKsd.&mime_type=video_mp4&qs=0&rc=MzY6Zjo1NGY8ZTM8NWg0NkBpanJ3aHc5cjtkdDMzZzczNEAwMzY2LTI1NjExYGMwMjUyYSNsMDNeMmRzb2FgLS1kMS9zcw%3D%3D&btag=e00088000&expire=1722471617&l=2024073118191790092F3B7EB0801B764A&ply_type=2&policy=2&signature=b78a57dadfc69a98be2a47b14bd1c7a2&tk=tt_chain_token,118,3,2024-07-19T18:18:26.000Z,Have you heard of this law? #tryinghard #reversedeffort ,329,,"['tryinghard', 'reversedeffort']","{'authorname': 'Sahil Bloom', 'covermedium': 'https://p16-sign-va.tiktokcdn.com/tos-maliva-avt-0068/7340012790796517418~c5_720x720.jpeg?lk3s=a5d48078&nonce=54569&refresh_token=be96bc1a5d70ee4f61fe29ef0b205e23&x-expires=1722621600&x-signature=Q3k6lpUejHqQsc%2BSSHf%2BJh9Y0I8%3D&shp=a5d48078&shcp=81f88b70', 'id': '7393412941971884846', 'original': False, 'playurl': 'https://v16-webapp-prime.tiktok.com/video/tos/maliva/tos-maliva-ve-27dcd7c799-us/oYNN0bpWYsVkCfzoQr61HHE3cTXflk8fhAhMvQ/?a=1988&bti=ODszNWYuMDE6&ch=0&cr=0&dr=0&er=0&lr=default&cd=0%7C0%7C0%7C0&br=250&bt=125&ft=GNDpcInz7ThtZLtrXq8Zmo&mime_type=audio_mpeg&qs=6&rc=NDMzOTYzNGk5ODk2ZTxnaUBpM240OnU5cndkdDMzZzU8NEAwMV5gYmItNTMxLy4tLTEzYSNtc3NjMmRjb2FgLS1kMS9zcw%3D%3D&btag=e00088000&expire=1722471617&l=2024073118191790092F3B7EB0801B764A&ply_type=3&policy=3&signature=53022184593792719fee4cbe8a57f744&tk=0', 'title': 'original sound'}",False,False,Sahil Bloom: original sound,7063,7393412964709076270,video,https://p16-sign.tiktokcdn-us.com/tos-useast5-p-0068-tx/816d08cd992e4c84b59fbeaee6648773_1721413107~tplv-dmt-logom:tos-useast5-i-0068-tx/o0B3ISIawDAfWNADAqFrDRmAEEUgQCMmQPfD1E.image?lk3s=81f88b70&nonce=99989&refresh_token=57f3aac622f34ec7083500e54adc5c87&x-expires=1722621600&x-signature=s%2F61FRVZdjBF6adDeB3FVJImzQ8%3D&shp=81f88b70&shcp=280c9438,https://p16-sign-va.tiktokcdn.com/tos-maliva-avt-0068/7340012790796517418~c5_1080x1080.jpeg?lk3s=a5d48078&nonce=41378&refresh_token=3ee98c8a44aaa23e89c7bd8b39c5360b&x-expires=1722621600&x-signature=TRGMHv3k8i4XZTlpMORPoV5kAHc%3D&shp=a5d48078&shcp=81f88b70,Preorder my first book- The 5 Types of Wealth today ðŸ‘‡,6909881477669766150,https://www.tiktok.com/@sahilbloom,Sahil Bloom,540p,MS4wLjABAAAAKhgoB-5k59tVAI7rrFtYHnQzaO-UYCsQqVROq9Q40M90eCwYaBw2EDS2u1amuryP,31,7393412964709076270,https://www.tiktok.com/@sahilbloom/video/7393412964709076270,59,https://v16-webapp-prime.tiktok.com/video/tos/maliva/tos-maliva-ve-0068c799-us/o8GfVibUAgRIHB94ExrBRUA3qRiCTzBpwQAaI4/?a=1988&bti=ODszNWYuMDE6&ch=0&cr=3&dr=0&lr=tiktok_m&cd=0%7C0%7C1%7C&cv=1&br=1660&bt=830&cs=0&ds=3&ft=4fUEKM9j8Zmo0kQ3k-4jVko5DpWrKsd.&mime_type=video_mp4&qs=0&rc=aTk8MzQ6Omk6Z2Y0ZGQ2PEBpanJ3aHc5cjtkdDMzZzczNEBeNTZjYjMwNTAxXmM0X2NiYSNsMDNeMmRzb2FgLS1kMS9zcw%3D%3D&btag=e00088000&expire=1722471617&l=2024073118191790092F3B7EB0801B764A&ply_type=2&policy=2&signature=c139bd6e01ed9054bebaf9186224ee0c&tk=tt_chain_token,576
https://v16-webapp-prime.tiktok.com/video/tos/maliva/tos-maliva-ve-0068c799-us/o0g4RAOfGdQcAcMafXUK8E4usrERfQEAITOiFe/?a=1988&bti=ODszNWYuMDE6&ch=0&cr=3&dr=0&lr=unwatermarked&cd=0%7C0%7C0%7C&cv=1&br=444&bt=222&cs=0&ds=6&ft=4fUEKM9i8Zmo0SQ3k-4jVJ40ypWrKsd.&mime_type=video_mp4&qs=5&rc=ODVnNzM4NTVkNmg4Zzk5aEBpamtqeHI5cmk2dDMzZzczNEBgXmM0MzRhX2ExYGJeMWMxYSMyNnBnMmRzaWJgLS1kMS9zcw%3D%3D&btag=e00088000&expire=1722471602&l=20240731181915D57171059273580AAD44&ply_type=2&policy=2&signature=a78f2306c31ccddff3c6b9c147ae04db&tk=tt_chain_token,22,1,2024-07-20T22:32:44.000Z,"There will be ups and downs, but donâ€™t worry #success #constant ",131,,"['success', 'constant']","{'authorname': 'Sahil Bloom', 'covermedium': 'https://p16-sign-va.tiktokcdn.com/tos-maliva-avt-0068/7340012790796517418~c5_720x720.jpeg?lk3s=a5d48078&nonce=24265&refresh_token=b37d5e0f14e6f5e48883ffa7241ba448&x-expires=1722621600&x-signature=Q3k6lpUejHqQsc%2BSSHf%2BJh9Y0I8%3D&shp=a5d48078&shcp=81f88b70', 'id': '7393849571090123563', 'original': False, 'playurl': 'https://v16-webapp-prime.tiktok.com/video/tos/maliva/tos-maliva-ve-27dcd7c799-us/owWIHOUxIVfQILcFRcJGeOJmwfJLLJOALbzaMf/?a=1988&bti=ODszNWYuMDE6&ch=0&cr=0&dr=0&er=0&lr=default&cd=0%7C0%7C0%7C0&br=250&bt=125&ft=GNDpcInz7ThUZLtrXq8Zmo&mime_type=audio_mpeg&qs=6&rc=NjY4NDM4aDZkOGVoZGVpZUBpamt3aXk5cjY2dDMzZzU8NEBhM19eMjY1Xy4xY2NgLWAwYSMxNWxpMmRzamJgLS1kMS9zcw%3D%3D&btag=e00088000&expire=1722453601&l=20240731181915D57171059273580AAD44&ply_type=3&policy=3&signature=66a4a374cf35017e431e8bd3784ff931&tk=0', 'title': 'original sound'}",False,False,Sahil Bloom: original sound,2224,7393849578220571946,video,https://p16-sign.tiktokcdn-us.com/tos-useast5-p-0068-tx/o0EorRBmoncOqiES4L2BwgAESxDfAfnXkI97iD~tplv-dmt-logom:tos-useast5-i-0068-tx/o0IjYkNAHAoepVncGHE2aOLCAAAEzAeeIOIAIw.image?lk3s=81f88b70&nonce=18220&refresh_token=01e2e8e6c9a09108d57a9321095fb348&x-expires=1722621600&x-signature=6k4YRK2S227AS3RkXYpRJ%2FWN6zo%3D&shp=81f88b70&shcp=280c9438,https://p16-sign-va.tiktokcdn.com/tos-maliva-avt-0068/7340012790796517418~c5_1080x1080.jpeg?lk3s=a5d48078&nonce=56614&refresh_token=c4aeabef214532363523788db571c8eb&x-expires=1722621600&x-signature=TRGMHv3k8i4XZTlpMORPoV5kAHc%3D&shp=a5d48078&shcp=81f88b70,Preorder my first book- The 5 Types of Wealth today ðŸ‘‡,6909881477669766150,https://www.tiktok.com/@sahilbloom,Sahil Bloom,540p,MS4wLjABAAAAKhgoB-5k59tVAI7rrFtYHnQzaO-UYCsQqVROq9Q40M90eCwYaBw2EDS2u1amuryP,7,7393849578220571946,https://www.tiktok.com/@sahilbloom/video/7393849578220571946,45,https://v16-webapp-prime.tiktok.com/video/tos/maliva/tos-maliva-ve-0068c799-us/oQMOkQfIDItVHCdiAEfkAIgIJFP3GNHI4xWjf4/?a=1988&bti=ODszNWYuMDE6&ch=0&cr=3&dr=0&lr=tiktok_m&cd=0%7C0%7C1%7C&cv=1&br=1094&bt=547&cs=0&ds=3&ft=4fUEKM9i8Zmo0SQ3k-4jVJ40ypWrKsd.&mime_type=video_mp4&qs=0&rc=aGQ6OWc5ZGQ7ZGY1NTw3NEBpamtqeHI5cmk2dDMzZzczNEBgM2IvMjIwXjAxMl8uXjZjYSMyNnBnMmRzaWJgLS1kMS9zcw%3D%3D&btag=e00088000&expire=1722471602&l=20240731181915D57171059273580AAD44&ply_type=2&policy=2&signature=8bb98000318b359e3461550de979bfe5&tk=tt_chain_token,576
https://v16-webapp-prime.tiktok.com/video/tos/maliva/tos-maliva-ve-0068c799-us/oIxzSAx3nkgReIINsELeHCASlcfwMkQDjEGAIV/?a=1988&bti=ODszNWYuMDE6&ch=0&cr=3&dr=0&lr=unwatermarked&cd=0%7C0%7C0%7C&cv=1&br=1934&bt=967&cs=0&ds=6&ft=4fUEKMex8Zmo0yE3k-4jVZghJpWrKsd.&mime_type=video_mp4&qs=0&rc=PDhpNTs5NzRnMzUzNDxkaUBpM2x3aWo5cjVtdDMzZzczNEBhLTNeXzQ2Xl4xMTE2YjVfYSNtZTAtMmRrZzFgLS1kMS9zcw%3D%3D&btag=e00088000&expire=1722471621&l=2024073118200083DF7A858994C91ADF40&ply_type=2&policy=2&signature=413a529d6fe74a3bfb8261e554f2f068&tk=tt_chain_token,75,3,2024-07-06T12:33:21.000Z,Hint: itâ€™s not a to-do list! #systems #goals ,160,,"['systems', 'goals']","{'authorname': 'Sahil Bloom', 'covermedium': 'https://p16-sign-va.tiktokcdn.com/tos-maliva-avt-0068/7340012790796517418~c5_720x720.jpeg?lk3s=a5d48078&nonce=22738&refresh_token=aacd35f93cca20ede43b3a1a127b5e74&x-expires=1722621600&x-signature=Q3k6lpUejHqQsc%2BSSHf%2BJh9Y0I8%3D&shp=a5d48078&shcp=81f88b70', 'id': '7388499937895435051', 'original': False, 'playurl': 'https://v16-webapp-prime.tiktok.com/video/tos/maliva/tos-maliva-ve-27dcd7c799-us/ogEJX3YJteI6GZDkBgfWFlCSJmQOZ3VTDTimOU/?a=1988&bti=ODszNWYuMDE6&ch=0&cr=0&dr=0&er=0&lr=default&cd=0%7C0%7C0%7C0&br=250&bt=125&ft=GNDpcInz7Th-cLtrXq8Zmo&mime_type=audio_mpeg&qs=6&rc=Njc2OzNoOmY1NDM8NmdpOEBpajppaXA5cjdtdDMzZzU8NEBhM14zMjNgNS0xMmFgMzNfYSMyMTZtMmRzZzFgLS1kMS9zcw%3D%3D&btag=e00088000&expire=1722471621&l=2024073118200083DF7A858994C91ADF40&ply_type=3&policy=3&signature=7e4fea25e3188258437e38beb967741b&tk=0', 'title': 'original sound'}",False,False,Sahil Bloom: original sound,7291,7388499850754592042,video,https://p16-sign.tiktokcdn-us.com/tos-useast5-p-0068-tx/o0AHBylSBDNQeCe8A8GnxIVMkEcjIMLAodeIkx~tplv-dmt-logom:tos-useast5-i-0068-tx/ose0OnhkEEHLsqnEAImAfAADHVMAZNAfGIjJIC.image?lk3s=81f88b70&nonce=71536&refresh_token=8cd618a0c22e0769b23e78ba326ed4db&x-expires=1722621600&x-signature=OHIHE1U%2FHQIEuio7qmC1yECZnAw%3D&shp=81f88b70&shcp=280c9438,https://p16-sign-va.tiktokcdn.com/tos-maliva-avt-0068/7340012790796517418~c5_1080x1080.jpeg?lk3s=a5d48078&nonce=98532&refresh_token=786cd9a2a52db370e2ccaa74edb5802a&x-expires=1722621600&x-signature=TRGMHv3k8i4XZTlpMORPoV5kAHc%3D&shp=a5d48078&shcp=81f88b70,Preorder my first book- The 5 Types of Wealth today ðŸ‘‡,6909881477669766150,https://www.tiktok.com/@sahilbloom,Sahil Bloom,540p,MS4wLjABAAAAKhgoB-5k59tVAI7rrFtYHnQzaO-UYCsQqVROq9Q40M90eCwYaBw2EDS2u1amuryP,34,7388499850754592042,https://www.tiktok.com/@sahilbloom/video/7388499850754592042,20,https://v16-webapp-prime.tiktok.com/video/tos/maliva/tos-maliva-ve-0068c799-us/oYTE4iQSBFYyABSafmgKRlgCmEITfDyDEJOZcp/?a=1988&bti=ODszNWYuMDE6&ch=0&cr=3&dr=0&lr=tiktok_m&cd=0%7C0%7C1%7C&cv=1&br=1958&bt=979&cs=0&ds=3&ft=4fUEKMex8Zmo0yE3k-4jVZghJpWrKsd.&mime_type=video_mp4&qs=0&rc=ODs0ZGc5PDxlMzdpOzw8OUBpM2x3aWo5cjVtdDMzZzczNEAxMmEvXjNfNjMxYzA1YDJjYSNtZTAtMmRrZzFgLS1kMS9zcw%3D%3D&btag=e00088000&expire=1722471621&l=2024073118200083DF7A858994C91ADF40&ply_type=2&policy=2&signature=8d68020f210226e4dd4d5f4e8a11c525&tk=tt_chain_token,576
https://v16-webapp-prime.tiktok.com/video/tos/maliva/tos-maliva-ve-0068c799-us/oo8DODmEP3ADxB7Qg5Sc0fEUFEARKQjx6kfPFI/?a=1988&bti=ODszNWYuMDE6&ch=0&cr=3&dr=0&lr=unwatermarked&cd=0%7C0%7C0%7C&cv=1&br=1622&bt=811&cs=0&ds=6&ft=4fUEKMPG8Zmo0VE3k-4jVAwf-pWrKsd.&mime_type=video_mp4&qs=0&rc=NDo7aWU2PDQ2NDg7aTg6ZkBpMzNxeHI5cnhudDMzZzczNEA0Xy8zNTYyXzYxMS8wMjU1YSNmcnNnMmRjLjRgLS1kMS9zcw%3D%3D&btag=e00088000&expire=1722471636&l=20240731181943DA4F9E9C73CDCF1AECE1&ply_type=2&policy=2&signature=7506031adb70ebb0f41617177929ea3e&tk=tt_chain_token,11,0,2024-07-11T02:21:40.000Z,"Once you start doing this more, you will start to feel different #appreciation #goodvibes ",78,,"['appreciation', 'goodvibes']","{'authorname': 'Sahil Bloom', 'covermedium': 'https://p16-sign-va.tiktokcdn.com/tos-maliva-avt-0068/7340012790796517418~c5_720x720.jpeg?lk3s=a5d48078&nonce=26278&refresh_token=eae5f870c1cad154045d22181653f566&x-expires=1722621600&x-signature=Q3k6lpUejHqQsc%2BSSHf%2BJh9Y0I8%3D&shp=a5d48078&shcp=81f88b70', 'id': '7390197742972439342', 'original': False, 'playurl': 'https://v16-webapp-prime.tiktok.com/video/tos/maliva/tos-maliva-ve-27dcd7c799-us/oM95YekTfoto3iG8HsALXHbKQeQjNtICbZNjPE/?a=1988&bti=ODszNWYuMDE6&ch=0&cr=0&dr=0&er=0&lr=default&cd=0%7C0%7C0%7C0&br=250&bt=125&ft=GNDpcInz7Th8cLtrXq8Zmo&mime_type=audio_mpeg&qs=6&rc=aTk1Mzk6aGk2NDdmZmQ0NUBpajg2d3I5cmdudDMzZzU8NEAwX2E2XzEvNTYxMWJiMV5fYSNzcmtyMmRrMDRgLS1kMS9zcw%3D%3D&btag=e00088000&expire=1722471636&l=20240731181943DA4F9E9C73CDCF1AECE1&ply_type=3&policy=3&signature=d351fa35ea148a456514daf550529f1e&tk=0', 'title': 'original sound'}",False,False,Sahil Bloom: original sound,1068,7390197718418836778,video,https://p16-sign.tiktokcdn-us.com/tos-useast5-p-0068-tx/d2af7f8a8a5845289a29949155660a0f_1720664501~tplv-dmt-logom:tos-useast5-i-0068-tx/oQ0lSFDMREDJ3IAykPEEmGCAQAsgbfAwjmfadC.image?lk3s=81f88b70&nonce=36450&refresh_token=e3d2f11e720df1e9fcaf1fccfc5e4cfe&x-expires=1722621600&x-signature=2HzqV7mcVE4NKUNWXWKeiTGVchQ%3D&shp=81f88b70&shcp=280c9438,https://p16-sign-va.tiktokcdn.com/tos-maliva-avt-0068/7340012790796517418~c5_1080x1080.jpeg?lk3s=a5d48078&nonce=4733&refresh_token=dfb427a9d0d903a531fc1e9d94be2b08&x-expires=1722621600&x-signature=TRGMHv3k8i4XZTlpMORPoV5kAHc%3D&shp=a5d48078&shcp=81f88b70,Preorder my first book- The 5 Types of Wealth today ðŸ‘‡,6909881477669766150,https://www.tiktok.com/@sahilbloom,Sahil Bloom,540p,MS4wLjABAAAAKhgoB-5k59tVAI7rrFtYHnQzaO-UYCsQqVROq9Q40M90eCwYaBw2EDS2u1amuryP,2,7390197718418836778,https://www.tiktok.com/@sahilbloom/video/7390197718418836778,52,https://v16-webapp-prime.tiktok.com/video/tos/maliva/tos-maliva-ve-0068c799-us/oYPvAHMguINLXeeHxk8CjfzlcEBIQoI3AQHIwQ/?a=1988&bti=ODszNWYuMDE6&ch=0&cr=3&dr=0&lr=tiktok_m&cd=0%7C0%7C1%7C&cv=1&br=1824&bt=912&cs=0&ds=3&ft=4fUEKMPG8Zmo0VE3k-4jVAwf-pWrKsd.&mime_type=video_mp4&qs=0&rc=NGlkNTY0aWVnNTdpO2U7OUBpMzNxeHI5cnhudDMzZzczNEAwMDNjLzQ0XjAxLi0zMWEyYSNmcnNnMmRjLjRgLS1kMS9zcw%3D%3D&btag=e00088000&expire=1722471636&l=20240731181943DA4F9E9C73CDCF1AECE1&ply_type=2&policy=2&signature=983e4ec0b1c7154e7721da8d0885f8f4&tk=tt_chain_token,576
https://v16-webapp-prime.tiktok.com/video/tos/maliva/tos-maliva-ve-0068c799-us/oQxhDfnKEEBSELvfCQmgFBVGIaRrAadhiDRCNl/?a=1988&bti=ODszNWYuMDE6&ch=0&cr=3&dr=0&lr=unwatermarked&cd=0%7C0%7C0%7C&cv=1&br=1352&bt=676&cs=0&ds=6&ft=4fUEKMMK8Zmo03O3k-4jVtC1upWrKsd.&mime_type=video_mp4&qs=0&rc=ZTxoaDQ2ZWg5OmlkOGQ0OEBpanl0bG05cmxldDMzZzczNEAyLWFhLjVhXzMxMzIuYS5gYSNkcWhkMmRrbDBgLS1kMS9zcw%3D%3D&btag=e00088000&expire=1722471884&l=202407311824136AA4C1255803C716EF8A&ply_type=2&policy=2&signature=28385c12c8dc359d944de06db135f62a&tk=tt_chain_token,30,2,2024-07-04T15:15:55.000Z,Here is what it takes to become a completely different person #lifeadvice #changeyourlife #needtochange ,131,,"['lifeadvice', 'changeyourlife', 'needtochange']","{'authorname': 'Sahil Bloom', 'covermedium': 'https://p16-sign-va.tiktokcdn.com/tos-maliva-avt-0068/7340012790796517418~c5_720x720.jpeg?lk3s=a5d48078&nonce=28233&refresh_token=8382ec7624c1e2b720a809cc39a995b9&x-expires=1722621600&x-signature=Q3k6lpUejHqQsc%2BSSHf%2BJh9Y0I8%3D&shp=a5d48078&shcp=81f88b70', 'id': '7387799664961030955', 'original': False, 'playurl': 'https://v16-webapp-prime.tiktok.com/video/tos/maliva/tos-maliva-ve-27dcd7c799-us/oM8C5iGviaB4LmoMC9gjiUqHlMZBA01zNIvrH/?a=1988&bti=ODszNWYuMDE6&ch=0&cr=0&dr=0&er=0&lr=default&cd=0%7C0%7C0%7C0&br=250&bt=125&ft=GNDpcInz7ThL9LtrXq8Zmo&mime_type=audio_mpeg&qs=6&rc=OTc4ZTU2aTU6Ozo8ZDk2NEBpMzVmZG85cmVldDMzZzU8NEBjMGFgYi4xX2AxYF80YGJfYSNubmhlMmRrbTBgLS1kMS9zcw%3D%3D&btag=e00088000&expire=1722453884&l=202407311824136AA4C1255803C716EF8A&ply_type=3&policy=3&signature=1eeb119f6ee2f5fdee3c20382860f4fb&tk=0', 'title': 'original sound'}",False,False,Sahil Bloom: original sound,2251,7387799645143059755,video,https://p16-sign.tiktokcdn-us.com/tos-useast5-p-0068-tx/ok4NvrrCDIOKhGnxAdFBSGRKfBf9mLDEETgVEh~tplv-dmt-logom:tos-useast5-i-0068-tx/oQNDIOVegAXMEhbIQVAagHA3AjLVXkeOeAmGlI.image?lk3s=81f88b70&nonce=79277&refresh_token=a3bf9158996ae4d6cd9e743db976131a&x-expires=1722621600&x-signature=BvbJ2urY%2F6XzQOYF%2FLWe%2BW0Epxo%3D&shp=81f88b70&shcp=280c9438,https://p16-sign-va.tiktokcdn.com/tos-maliva-avt-0068/7340012790796517418~c5_1080x1080.jpeg?lk3s=a5d48078&nonce=30571&refresh_token=2a1a006cd54352cd0b257dd8885c9308&x-expires=1722621600&x-signature=TRGMHv3k8i4XZTlpMORPoV5kAHc%3D&shp=a5d48078&shcp=81f88b70,Preorder my first book- The 5 Types of Wealth today ðŸ‘‡,6909881477669766150,https://www.tiktok.com/@sahilbloom,Sahil Bloom,540p,MS4wLjABAAAAKhgoB-5k59tVAI7rrFtYHnQzaO-UYCsQqVROq9Q40M90eCwYaBw2EDS2u1amuryP,4,7387799645143059755,https://www.tiktok.com/@sahilbloom/video/7387799645143059755,29,https://v16-webapp-prime.tiktok.com/video/tos/maliva/tos-maliva-ve-0068c799-us/oUeVbfLeXNqHQAIkva7LEI9GC4ECDIjGiOkAgH/?a=1988&bti=ODszNWYuMDE6&ch=0&cr=3&dr=0&lr=tiktok_m&cd=0%7C0%7C1%7C&cv=1&br=1242&bt=621&cs=0&ds=3&ft=4fUEKMMK8Zmo03O3k-4jVtC1upWrKsd.&mime_type=video_mp4&qs=0&rc=ODtkOmY1ZjxoN2g0OjQ4PEBpanl0bG05cmxldDMzZzczNEAxNjUvLl9eNjYxX2IwMS82YSNkcWhkMmRrbDBgLS1kMS9zcw%3D%3D&btag=e00088000&expire=1722471884&l=202407311824136AA4C1255803C716EF8A&ply_type=2&policy=2&signature=a748d731eee7535c64dc74b2f777e293&tk=tt_chain_token,576
https://v16-webapp-prime.tiktok.com/video/tos/maliva/tos-maliva-ve-0068c799-us/oAND7rkFALRVDMiE8gAmlhRn4gPSbEZBEfbeHq/?a=1988&bti=ODszNWYuMDE6&ch=0&cr=3&dr=0&lr=unwatermarked&cd=0%7C0%7C0%7C&cv=1&br=1852&bt=926&cs=0&ds=6&ft=4fUEKM-D8Zmo02Q3k-4jV7BmXpWrKsd.&mime_type=video_mp4&qs=0&rc=aTk8OTM4aDplN2Y6aWc7N0Bpam91O2Q6Zm0zazMzZzczNEAxY14zLzE0Nl4xY2M1MWM2YSM1YF9ocjQwaWtgLS1kMS9zcw%3D%3D&btag=e00088000&expire=1722471566&l=20240731181856F80D78A8B1F4EF1A2DD2&ply_type=2&policy=2&signature=babc0d49cd5fb591b33e790b5071034c&tk=tt_chain_token,112487,1362,2023-05-24T13:03:22.000Z,"Understanding your partnerâ€™s love language is crucial for a healthy, happy relationship. When your partner comes to you with a problem or dilemma, do you try to help them in the way that they need, or the way that you need? #adviceforyour20s #adviceaboutlife #lifeadvice #relationship #relationshiptok #love #lovelanguage #relationshipadvice #lifehack #relationshipproblems #relationshipdilemma #relationshipdilemmas #lovelife #divorce #gratitude #lovelanguage #love #partner ",691700,,"['adviceforyour20s', 'adviceaboutlife', 'lifeadvice', 'relationship', 'relationshiptok', 'love', 'lovelanguage', 'relationshipadvice', 'lifehack', 'relationshipproblems', 'relationshipdilemma', 'relationshipdilemmas', 'lovelife', 'divorce', 'gratitude', 'lovelanguage', 'love', 'partner']","{'authorname': 'Sahil Bloom', 'covermedium': 'https://p16-sign-va.tiktokcdn.com/tos-maliva-avt-0068/7340012790796517418~c5_720x720.jpeg?lk3s=a5d48078&nonce=53800&refresh_token=698b540c3a4253f3f91379d6bdb35913&x-expires=1722621600&x-signature=Q3k6lpUejHqQsc%2BSSHf%2BJh9Y0I8%3D&shp=a5d48078&shcp=81f88b70', 'id': '7236733770324347691', 'original': False, 'playurl': 'https://v16-webapp-prime.tiktok.com/video/tos/maliva/tos-maliva-v-27dcd7c799-us/oYuPMBqKEUFBxp3tAxIHIFzy1rxfhBNwAw6WCN/?a=1988&bti=ODszNWYuMDE6&ch=0&cr=0&dr=0&er=0&lr=default&cd=0%7C0%7C0%7C0&br=250&bt=125&ft=GNDpcInz7Th-ZLtrXq8Zmo&mime_type=audio_mpeg&qs=6&rc=OTNkZGQ4NTUzOjNmNTY6PEBpamZubDM6ZjkzazMzZzU8NEBjYjBjMTJiNjQxMDMyYl9fYSNsci0vcjRvamtgLS1kMS9zcw%3D%3D&btag=e00088000&expire=1722471565&l=20240731181856F80D78A8B1F4EF1A2DD2&ply_type=3&policy=3&signature=f61ca73fd4f77d2dfa765549f98511d2&tk=0', 'title': 'original sound'}",False,False,Sahil Bloom: original sound,4800000,7236733795142028587,video,https://p16-sign.tiktokcdn-us.com/tos-useast5-p-0068-tx/36f4e0b5f2ef4fb79ec799e9d1a62665~tplv-dmt-logom:tos-useast5-i-0068-tx/07fd1ebdef3540ce96be84dfabae152b.image?lk3s=81f88b70&nonce=6514&refresh_token=00f343dd1bd6a673cfcb41c9a58c10e5&x-expires=1722621600&x-signature=a6GISl20gVD%2Fl9bzgoV%2BOZ8eORE%3D&shp=81f88b70&shcp=280c9438,https://p16-sign-va.tiktokcdn.com/tos-maliva-avt-0068/7340012790796517418~c5_1080x1080.jpeg?lk3s=a5d48078&nonce=63615&refresh_token=b01db8f0a92e2a21b52935d598bf9733&x-expires=1722621600&x-signature=TRGMHv3k8i4XZTlpMORPoV5kAHc%3D&shp=a5d48078&shcp=81f88b70,Preorder my first book- The 5 Types of Wealth today ðŸ‘‡,6909881477669766150,https://www.tiktok.com/@sahilbloom,Sahil Bloom,540p,MS4wLjABAAAAKhgoB-5k59tVAI7rrFtYHnQzaO-UYCsQqVROq9Q40M90eCwYaBw2EDS2u1amuryP,129800,7236733795142028587,https://www.tiktok.com/@sahilbloom/video/7236733795142028587,28,https://v16-webapp-prime.tiktok.com/video/tos/maliva/tos-maliva-ve-0068c799-us/oscCgbnguokGe7srKSbBRRMflVqpFgE9ADDihQ/?a=1988&bti=ODszNWYuMDE6&ch=0&cr=3&dr=0&lr=tiktok_m&cd=0%7C0%7C1%7C&cv=1&br=1908&bt=954&cs=0&ds=3&ft=4fUEKM-D8Zmo02Q3k-4jV7BmXpWrKsd.&mime_type=video_mp4&qs=0&rc=ODg7ZDdnNWYzZ2g2OTxoN0Bpam91O2Q6Zm0zazMzZzczNEAzMDZhY2JfX2IxNjQvNC1iYSM1YF9ocjQwaWtgLS1kMS9zcw%3D%3D&btag=e00088000&expire=1722471566&l=20240731181856F80D78A8B1F4EF1A2DD2&ply_type=2&policy=2&signature=d6e6921e6fb44eec8944ed6b43031e8f&tk=tt_chain_token,576
