Channel ID,Title,Description,Published At
UCX6OQ3DkcsbYNE6H8uQQuVA,MrBeast,SUBSCRIBE FOR A COOKIE! Accomplishments: - Raised $20000000 To Plant 20000000 Trees - Removed 30000000 pounds of ...,2012-02-20T00:43:50Z
UCX6OQ3DkcsbYNE6H8uQQuVA,"Survive 100 Days In Nuclear Bunker, Win $500,000","This video was really fun to make, I hope you enjoy it :) Download Monster Hunter Now and take on my hunting challenge ...",2024-08-03T16:00:00Z
UCX6OQ3DkcsbYNE6H8uQQuVA,"50 YouTubers Fight For $1,000,000",I can't believe how intense this video got The Samsung Galaxy Ring and Z Flip6 blew my mind in this video – you've gotta check ...,2024-07-13T16:00:01Z
UCZIuYUzkmEXgSSXzReOmeLw,The New MrBeast Allegations Are Insane.,"WestJett goes over the new MrBeast allegations of him being a ""Thief"", today we're going over Ty Ore's video: ""I Also Worked For ...",2024-08-12T17:03:52Z
UCQmWt938Z8TkdPq6uasdlbA,MrBeast is FINALLY Done! (for real this time guys),THIS IS IT! MRBEAST IS FINISHED! DOGPACK404 EXPOSED HIM WITH RECENT DRAMA SCOOP! CHECK OUT MY ...,2024-08-12T19:52:35Z
UCR-N6PVuxIO3Yw-Quq9hAmA,The MrBeast Situation Keeps Getting WORSE...(NEW INFO),The MrBeast Situation Keeps Getting WORSE...(NEW INFO) 2nd Channel: ...,2024-08-11T19:21:59Z
UCX6OQ3DkcsbYNE6H8uQQuVA,Pass The Phone To…,,2024-07-11T17:00:01Z
UCFYvl99CsNq3-d96pgSRIwg,"I Worked For MrBeast, He&#39;s A Fraud",this video is not monetized this video is not about kris tyson this video is for educational purposes only this video features ...,2024-07-24T16:16:09Z
UCX6OQ3DkcsbYNE6H8uQQuVA,The World&#39;s Fastest Cleaners,,2024-04-25T16:00:03Z
UC4-79UOlP48-QNGgCko5p2g,This Game Is Wild,,2024-07-17T16:00:00Z
